REGION,SETTLEMENTDATE,TOTALDEMAND,RRP,PERIODTYPE
SA1,2021/03/01 00:30:00,1331.46,63.72,TRADE
SA1,2021/03/01 01:00:00,1298.18,62,TRADE
SA1,2021/03/01 01:30:00,1242.08,68.72,TRADE
SA1,2021/03/01 02:00:00,1192.15,91.96,TRADE
SA1,2021/03/01 02:30:00,1154.39,73.48,TRADE
SA1,2021/03/01 03:00:00,1149.99,71.24,TRADE
SA1,2021/03/01 03:30:00,1128.62,62,TRADE
SA1,2021/03/01 04:00:00,1115.36,101.48,TRADE
SA1,2021/03/01 04:30:00,1097.73,117.63,TRADE
SA1,2021/03/01 05:00:00,1121.29,84.89,TRADE
SA1,2021/03/01 05:30:00,1149.8,100.82,TRADE
SA1,2021/03/01 06:00:00,1185.97,73.77,TRADE
SA1,2021/03/01 06:30:00,1292.6,101.48,TRADE
SA1,2021/03/01 07:00:00,1371.52,110.91,TRADE
SA1,2021/03/01 07:30:00,1400.59,80.72,TRADE
SA1,2021/03/01 08:00:00,1267.95,57.25,TRADE
SA1,2021/03/01 08:30:00,1175.42,5.10,TRADE
SA1,2021/03/01 09:00:00,1055.5,41.41,TRADE
SA1,2021/03/01 09:30:00,959.52,6.36,TRADE
SA1,2021/03/01 10:00:00,901.95,-44.73,TRADE
SA1,2021/03/01 10:30:00,921.44,-33.98,TRADE
SA1,2021/03/01 11:00:00,791.95,-59.83,TRADE
SA1,2021/03/01 11:30:00,846.19,-97.93,TRADE
SA1,2021/03/01 12:00:00,724.31,-140.01,TRADE
SA1,2021/03/01 12:30:00,756.1,-7.80,TRADE
SA1,2021/03/01 13:00:00,710.95,-59.99,TRADE
SA1,2021/03/01 13:30:00,797.98,-33.90,TRADE
SA1,2021/03/01 14:00:00,756.24,-34.68,TRADE
SA1,2021/03/01 14:30:00,706.37,-36.55,TRADE
SA1,2021/03/01 15:00:00,746.85,-53.63,TRADE
SA1,2021/03/01 15:30:00,798.44,-49.16,TRADE
SA1,2021/03/01 16:00:00,898.5,-9.25,TRADE
SA1,2021/03/01 16:30:00,919.41,-31.79,TRADE
SA1,2021/03/01 17:00:00,1000.79,6.11,TRADE
SA1,2021/03/01 17:30:00,1084.82,-27.76,TRADE
SA1,2021/03/01 18:00:00,1193.4,19.28,TRADE
SA1,2021/03/01 18:30:00,1287.12,44.51,TRADE
SA1,2021/03/01 19:00:00,1380.87,51.98,TRADE
SA1,2021/03/01 19:30:00,1410.09,36.52,TRADE
SA1,2021/03/01 20:00:00,1409.06,34.06,TRADE
SA1,2021/03/01 20:30:00,1390.59,30.94,TRADE
SA1,2021/03/01 21:00:00,1352.51,28.79,TRADE
SA1,2021/03/01 21:30:00,1321.44,22.39,TRADE
SA1,2021/03/01 22:00:00,1301.43,18.18,TRADE
SA1,2021/03/01 22:30:00,1250.81,20,TRADE
SA1,2021/03/01 23:00:00,1217.23,13.91,TRADE
SA1,2021/03/01 23:30:00,1190.83,15.51,TRADE
SA1,2021/03/02 00:00:00,1337.02,29.83,TRADE
SA1,2021/03/02 00:30:00,1331.82,26.78,TRADE
SA1,2021/03/02 01:00:00,1282.2,19.32,TRADE
SA1,2021/03/02 01:30:00,1216.47,-5.79,TRADE
SA1,2021/03/02 02:00:00,1163.32,-33.54,TRADE
SA1,2021/03/02 02:30:00,1133.27,-22.94,TRADE
SA1,2021/03/02 03:00:00,1132.83,-22.35,TRADE
SA1,2021/03/02 03:30:00,1104.93,-29.03,TRADE
SA1,2021/03/02 04:00:00,1094.2,-27.85,TRADE
SA1,2021/03/02 04:30:00,1110.4,-27.06,TRADE
SA1,2021/03/02 05:00:00,1147.07,-14.11,TRADE
SA1,2021/03/02 05:30:00,1181.43,2.45,TRADE
SA1,2021/03/02 06:00:00,1236.22,21.66,TRADE
SA1,2021/03/02 06:30:00,1305.5,32.72,TRADE
SA1,2021/03/02 07:00:00,1388.85,39.75,TRADE
SA1,2021/03/02 07:30:00,1364.6,25.46,TRADE
SA1,2021/03/02 08:00:00,1319.17,-40.76,TRADE
SA1,2021/03/02 08:30:00,1259.92,-111.71,TRADE
SA1,2021/03/02 09:00:00,1170.82,-48.97,TRADE
SA1,2021/03/02 09:30:00,1073.11,-81.11,TRADE
SA1,2021/03/02 10:00:00,951.43,-132.61,TRADE
SA1,2021/03/02 10:30:00,825.65,-190,TRADE
SA1,2021/03/02 11:00:00,755.12,-210.63,TRADE
SA1,2021/03/02 11:30:00,726.82,-198.33,TRADE
SA1,2021/03/02 12:00:00,657.37,-154.77,TRADE
SA1,2021/03/02 12:30:00,665.43,-138.33,TRADE
SA1,2021/03/02 13:00:00,662.09,-80.37,TRADE
SA1,2021/03/02 13:30:00,670.14,4.02,TRADE
SA1,2021/03/02 14:00:00,699.57,19.98,TRADE
SA1,2021/03/02 14:30:00,787.31,351.91,TRADE
SA1,2021/03/02 15:00:00,851.24,84.62,TRADE
SA1,2021/03/02 15:30:00,724.57,74.51,TRADE
SA1,2021/03/02 16:00:00,713.21,31.18,TRADE
SA1,2021/03/02 16:30:00,811.6,58.25,TRADE
SA1,2021/03/02 17:00:00,967.92,54.56,TRADE
SA1,2021/03/02 17:30:00,1119.26,42.35,TRADE
SA1,2021/03/02 18:00:00,1298.58,40.99,TRADE
SA1,2021/03/02 18:30:00,1357.45,53.03,TRADE
SA1,2021/03/02 19:00:00,1396.89,53.81,TRADE
SA1,2021/03/02 19:30:00,1400.61,40,TRADE
SA1,2021/03/02 20:00:00,1422.33,50.88,TRADE
SA1,2021/03/02 20:30:00,1379.74,39.17,TRADE
SA1,2021/03/02 21:00:00,1353.57,33.91,TRADE
SA1,2021/03/02 21:30:00,1307.64,41.80,TRADE
SA1,2021/03/02 22:00:00,1274.15,25.55,TRADE
SA1,2021/03/02 22:30:00,1227.28,24.62,TRADE
SA1,2021/03/02 23:00:00,1203.76,35.02,TRADE
SA1,2021/03/02 23:30:00,1188.59,32.39,TRADE
SA1,2021/03/03 00:00:00,1363.51,49.59,TRADE
SA1,2021/03/03 00:30:00,1355.55,67.77,TRADE
SA1,2021/03/03 01:00:00,1302.35,67.94,TRADE
SA1,2021/03/03 01:30:00,1218.81,68.43,TRADE
SA1,2021/03/03 02:00:00,1156.6,46.90,TRADE
SA1,2021/03/03 02:30:00,1138.25,24.56,TRADE
SA1,2021/03/03 03:00:00,1117.85,12.24,TRADE
SA1,2021/03/03 03:30:00,1112.97,9.38,TRADE
SA1,2021/03/03 04:00:00,1109.47,10.23,TRADE
SA1,2021/03/03 04:30:00,1134.76,16.64,TRADE
SA1,2021/03/03 05:00:00,1162.01,27.53,TRADE
SA1,2021/03/03 05:30:00,1202.05,30.45,TRADE
SA1,2021/03/03 06:00:00,1283,37.03,TRADE
SA1,2021/03/03 06:30:00,1375.4,53.87,TRADE
SA1,2021/03/03 07:00:00,1451.37,91.28,TRADE
SA1,2021/03/03 07:30:00,1432.42,40.48,TRADE
SA1,2021/03/03 08:00:00,1315.95,29.18,TRADE
SA1,2021/03/03 08:30:00,1178.41,26.38,TRADE
SA1,2021/03/03 09:00:00,1034.1,31.30,TRADE
SA1,2021/03/03 09:30:00,913.54,22.86,TRADE
SA1,2021/03/03 10:00:00,796.19,18.81,TRADE
SA1,2021/03/03 10:30:00,687.16,-15.47,TRADE
SA1,2021/03/03 11:00:00,632.1,17.55,TRADE
SA1,2021/03/03 11:30:00,574.98,17.63,TRADE
SA1,2021/03/03 12:00:00,533.8,-11.69,TRADE
SA1,2021/03/03 12:30:00,516.89,18.26,TRADE
SA1,2021/03/03 13:00:00,506,17.65,TRADE
SA1,2021/03/03 13:30:00,522.39,-19.18,TRADE
SA1,2021/03/03 14:00:00,524.78,11.50,TRADE
SA1,2021/03/03 14:30:00,544.12,20.74,TRADE
SA1,2021/03/03 15:00:00,568,23.11,TRADE
SA1,2021/03/03 15:30:00,613.26,21.93,TRADE
SA1,2021/03/03 16:00:00,676.09,22.54,TRADE
SA1,2021/03/03 16:30:00,763.91,21.35,TRADE
SA1,2021/03/03 17:00:00,879.2,23.29,TRADE
SA1,2021/03/03 17:30:00,1014.52,23.79,TRADE
SA1,2021/03/03 18:00:00,1132.41,29.23,TRADE
SA1,2021/03/03 18:30:00,1251.59,32.11,TRADE
SA1,2021/03/03 19:00:00,1359.25,40.54,TRADE
SA1,2021/03/03 19:30:00,1405.09,33.86,TRADE
SA1,2021/03/03 20:00:00,1424.65,33.80,TRADE
SA1,2021/03/03 20:30:00,1400.16,31.63,TRADE
SA1,2021/03/03 21:00:00,1365.17,29.79,TRADE
SA1,2021/03/03 21:30:00,1332.13,26.76,TRADE
SA1,2021/03/03 22:00:00,1279.54,24.70,TRADE
SA1,2021/03/03 22:30:00,1209.85,32.81,TRADE
SA1,2021/03/03 23:00:00,1173.31,24.45,TRADE
SA1,2021/03/03 23:30:00,1169.88,31.34,TRADE
SA1,2021/03/04 00:00:00,1332.81,34.08,TRADE
SA1,2021/03/04 00:30:00,1316.86,31.93,TRADE
SA1,2021/03/04 01:00:00,1289.78,28.36,TRADE
SA1,2021/03/04 01:30:00,1239.63,21.11,TRADE
SA1,2021/03/04 02:00:00,1192.34,11.03,TRADE
SA1,2021/03/04 02:30:00,1155.77,14.93,TRADE
SA1,2021/03/04 03:00:00,1116.61,12.26,TRADE
SA1,2021/03/04 03:30:00,1097.37,11.85,TRADE
SA1,2021/03/04 04:00:00,1117.8,19.17,TRADE
SA1,2021/03/04 04:30:00,1110.92,27.81,TRADE
SA1,2021/03/04 05:00:00,1139.15,29.40,TRADE
SA1,2021/03/04 05:30:00,1176.38,32.86,TRADE
SA1,2021/03/04 06:00:00,1268.17,42.16,TRADE
SA1,2021/03/04 06:30:00,1384.57,51.13,TRADE
SA1,2021/03/04 07:00:00,1444.14,47.48,TRADE
SA1,2021/03/04 07:30:00,1432.72,32.42,TRADE
SA1,2021/03/04 08:00:00,1350.34,33.76,TRADE
SA1,2021/03/04 08:30:00,1219.39,33.68,TRADE
SA1,2021/03/04 09:00:00,1086.69,28.01,TRADE
SA1,2021/03/04 09:30:00,931.07,26.55,TRADE
SA1,2021/03/04 10:00:00,800.61,22.59,TRADE
SA1,2021/03/04 10:30:00,698.82,19.89,TRADE
SA1,2021/03/04 11:00:00,633.25,11.62,TRADE
SA1,2021/03/04 11:30:00,574.66,10.51,TRADE
SA1,2021/03/04 12:00:00,556.49,18.85,TRADE
SA1,2021/03/04 12:30:00,552.31,18.87,TRADE
SA1,2021/03/04 13:00:00,558.99,14.65,TRADE
SA1,2021/03/04 13:30:00,566.55,8.35,TRADE
SA1,2021/03/04 14:00:00,579.83,11.95,TRADE
SA1,2021/03/04 14:30:00,598.98,10.30,TRADE
SA1,2021/03/04 15:00:00,632.36,15.46,TRADE
SA1,2021/03/04 15:30:00,657.28,12.03,TRADE
SA1,2021/03/04 16:00:00,737.31,18.41,TRADE
SA1,2021/03/04 16:30:00,841.39,21.13,TRADE
SA1,2021/03/04 17:00:00,942.67,24.27,TRADE
SA1,2021/03/04 17:30:00,1058.94,27.39,TRADE
SA1,2021/03/04 18:00:00,1195.19,32.98,TRADE
SA1,2021/03/04 18:30:00,1305.3,39.15,TRADE
SA1,2021/03/04 19:00:00,1400.87,61.07,TRADE
SA1,2021/03/04 19:30:00,1456.52,65.97,TRADE
SA1,2021/03/04 20:00:00,1441.03,53.55,TRADE
SA1,2021/03/04 20:30:00,1395.01,33.37,TRADE
SA1,2021/03/04 21:00:00,1362.6,30.20,TRADE
SA1,2021/03/04 21:30:00,1304.24,27.57,TRADE
SA1,2021/03/04 22:00:00,1291.05,22.32,TRADE
SA1,2021/03/04 22:30:00,1228.56,31.27,TRADE
SA1,2021/03/04 23:00:00,1215.38,31.85,TRADE
SA1,2021/03/04 23:30:00,1192.08,32.45,TRADE
SA1,2021/03/05 00:00:00,1334.51,62.81,TRADE
SA1,2021/03/05 00:30:00,1324.31,55.61,TRADE
SA1,2021/03/05 01:00:00,1306.3,41.32,TRADE
SA1,2021/03/05 01:30:00,1241.39,66.08,TRADE
SA1,2021/03/05 02:00:00,1180.2,48.18,TRADE
SA1,2021/03/05 02:30:00,1148.75,61.50,TRADE
SA1,2021/03/05 03:00:00,1119.46,89.53,TRADE
SA1,2021/03/05 03:30:00,1116.01,50.54,TRADE
SA1,2021/03/05 04:00:00,1125.64,62,TRADE
SA1,2021/03/05 04:30:00,1109.26,89.47,TRADE
SA1,2021/03/05 05:00:00,1138.47,62.33,TRADE
SA1,2021/03/05 05:30:00,1175.67,53.10,TRADE
SA1,2021/03/05 06:00:00,1254.98,64.07,TRADE
SA1,2021/03/05 06:30:00,1340.91,72.42,TRADE
SA1,2021/03/05 07:00:00,1426.14,61.19,TRADE
SA1,2021/03/05 07:30:00,1418.61,49.01,TRADE
SA1,2021/03/05 08:00:00,1315.78,27.84,TRADE
SA1,2021/03/05 08:30:00,1211.76,22.45,TRADE
SA1,2021/03/05 09:00:00,1090.29,11.48,TRADE
SA1,2021/03/05 09:30:00,977.14,20.28,TRADE
SA1,2021/03/05 10:00:00,866.81,16.90,TRADE
SA1,2021/03/05 10:30:00,788.93,15.93,TRADE
SA1,2021/03/05 11:00:00,713.02,14.56,TRADE
SA1,2021/03/05 11:30:00,672.42,9.47,TRADE
SA1,2021/03/05 12:00:00,623.96,7.45,TRADE
SA1,2021/03/05 12:30:00,609.18,7.40,TRADE
SA1,2021/03/05 13:00:00,603.29,8.40,TRADE
SA1,2021/03/05 13:30:00,577.96,6.81,TRADE
SA1,2021/03/05 14:00:00,608.14,5.23,TRADE
SA1,2021/03/05 14:30:00,600.54,5.03,TRADE
SA1,2021/03/05 15:00:00,599.77,5.28,TRADE
SA1,2021/03/05 15:30:00,646.75,8.83,TRADE
SA1,2021/03/05 16:00:00,761.54,18.96,TRADE
SA1,2021/03/05 16:30:00,844.1,20.55,TRADE
SA1,2021/03/05 17:00:00,952.54,21.67,TRADE
SA1,2021/03/05 17:30:00,1057.6,26.33,TRADE
SA1,2021/03/05 18:00:00,1172.86,28.91,TRADE
SA1,2021/03/05 18:30:00,1281.06,33.34,TRADE
SA1,2021/03/05 19:00:00,1365.38,20.13,TRADE
SA1,2021/03/05 19:30:00,1415.36,35.71,TRADE
SA1,2021/03/05 20:00:00,1397.56,34,TRADE
SA1,2021/03/05 20:30:00,1379.85,34.09,TRADE
SA1,2021/03/05 21:00:00,1315.25,27.48,TRADE
SA1,2021/03/05 21:30:00,1251.24,24.10,TRADE
SA1,2021/03/05 22:00:00,1196.55,16.20,TRADE
SA1,2021/03/05 22:30:00,1155.91,17.59,TRADE
SA1,2021/03/05 23:00:00,1129.33,20.96,TRADE
SA1,2021/03/05 23:30:00,1138.06,28.58,TRADE
SA1,2021/03/06 00:00:00,1298.03,31.71,TRADE
SA1,2021/03/06 00:30:00,1297.88,30.94,TRADE
SA1,2021/03/06 01:00:00,1231.94,27.88,TRADE
SA1,2021/03/06 01:30:00,1130.46,25.75,TRADE
SA1,2021/03/06 02:00:00,1073.29,21.22,TRADE
SA1,2021/03/06 02:30:00,1030.89,20.69,TRADE
SA1,2021/03/06 03:00:00,1015.81,9.53,TRADE
SA1,2021/03/06 03:30:00,1014.01,10.59,TRADE
SA1,2021/03/06 04:00:00,1027.06,20.51,TRADE
SA1,2021/03/06 04:30:00,1008.93,20.48,TRADE
SA1,2021/03/06 05:00:00,1033.67,21.70,TRADE
SA1,2021/03/06 05:30:00,1057.7,24.27,TRADE
SA1,2021/03/06 06:00:00,1065.41,26.92,TRADE
SA1,2021/03/06 06:30:00,1087.63,27.04,TRADE
SA1,2021/03/06 07:00:00,1136.1,25.68,TRADE
SA1,2021/03/06 07:30:00,1147.06,22.36,TRADE
SA1,2021/03/06 08:00:00,1076.49,7.72,TRADE
SA1,2021/03/06 08:30:00,976.9,4.49,TRADE
SA1,2021/03/06 09:00:00,884.92,7.05,TRADE
SA1,2021/03/06 09:30:00,759.36,2.43,TRADE
SA1,2021/03/06 10:00:00,662.72,-5.68,TRADE
SA1,2021/03/06 10:30:00,565.09,-13.61,TRADE
SA1,2021/03/06 11:00:00,521.44,-7.08,TRADE
SA1,2021/03/06 11:30:00,482.24,-11.96,TRADE
SA1,2021/03/06 12:00:00,442.52,-15.61,TRADE
SA1,2021/03/06 12:30:00,447.8,-11.23,TRADE
SA1,2021/03/06 13:00:00,462.38,-25.62,TRADE
SA1,2021/03/06 13:30:00,489.16,-24.62,TRADE
SA1,2021/03/06 14:00:00,510.4,-13.99,TRADE
SA1,2021/03/06 14:30:00,603.82,2.23,TRADE
SA1,2021/03/06 15:00:00,548.81,6.62,TRADE
SA1,2021/03/06 15:30:00,656.99,11.54,TRADE
SA1,2021/03/06 16:00:00,727.31,20.65,TRADE
SA1,2021/03/06 16:30:00,865.98,22.73,TRADE
SA1,2021/03/06 17:00:00,1003.01,33.03,TRADE
SA1,2021/03/06 17:30:00,1250.95,43.19,TRADE
SA1,2021/03/06 18:00:00,1356.21,42.41,TRADE
SA1,2021/03/06 18:30:00,1390.84,55.70,TRADE
SA1,2021/03/06 19:00:00,1396.28,110.02,TRADE
SA1,2021/03/06 19:30:00,1398.22,63.56,TRADE
SA1,2021/03/06 20:00:00,1377.3,50.81,TRADE
SA1,2021/03/06 20:30:00,1342.25,40.89,TRADE
SA1,2021/03/06 21:00:00,1311.23,35.68,TRADE
SA1,2021/03/06 21:30:00,1283.84,34.52,TRADE
SA1,2021/03/06 22:00:00,1224.82,32.53,TRADE
SA1,2021/03/06 22:30:00,1209.72,32.19,TRADE
SA1,2021/03/06 23:00:00,1218.69,31.11,TRADE
SA1,2021/03/06 23:30:00,1198.36,34.04,TRADE
SA1,2021/03/07 00:00:00,1381.37,39.83,TRADE
SA1,2021/03/07 00:30:00,1373.67,44.71,TRADE
SA1,2021/03/07 01:00:00,1331.08,37.59,TRADE
SA1,2021/03/07 01:30:00,1253.08,33.78,TRADE
SA1,2021/03/07 02:00:00,1204.55,37.25,TRADE
SA1,2021/03/07 02:30:00,1183.19,39.28,TRADE
SA1,2021/03/07 03:00:00,1163.04,37.02,TRADE
SA1,2021/03/07 03:30:00,1144.62,37.72,TRADE
SA1,2021/03/07 04:00:00,1140.97,37.73,TRADE
SA1,2021/03/07 04:30:00,1141.08,39.39,TRADE
SA1,2021/03/07 05:00:00,1155.01,40.21,TRADE
SA1,2021/03/07 05:30:00,1158.11,41.26,TRADE
SA1,2021/03/07 06:00:00,1174.2,41.77,TRADE
SA1,2021/03/07 06:30:00,1176.99,50.82,TRADE
SA1,2021/03/07 07:00:00,1179.57,80.15,TRADE
SA1,2021/03/07 07:30:00,1214.86,115.12,TRADE
SA1,2021/03/07 08:00:00,1204.54,61.83,TRADE
SA1,2021/03/07 08:30:00,1189.02,87.37,TRADE
SA1,2021/03/07 09:00:00,1186.08,73.17,TRADE
SA1,2021/03/07 09:30:00,1151.21,27.88,TRADE
SA1,2021/03/07 10:00:00,1090.05,26.28,TRADE
SA1,2021/03/07 10:30:00,1075.73,27.31,TRADE
SA1,2021/03/07 11:00:00,1067.77,59.61,TRADE
SA1,2021/03/07 11:30:00,890.63,6.57,TRADE
SA1,2021/03/07 12:00:00,839.69,7.81,TRADE
SA1,2021/03/07 12:30:00,845.71,15.67,TRADE
SA1,2021/03/07 13:00:00,987.9,29.88,TRADE
SA1,2021/03/07 13:30:00,938.87,31.04,TRADE
SA1,2021/03/07 14:00:00,918.33,27.84,TRADE
SA1,2021/03/07 14:30:00,1043.7,31.38,TRADE
SA1,2021/03/07 15:00:00,1028.41,28.85,TRADE
SA1,2021/03/07 15:30:00,1025.28,29.92,TRADE
SA1,2021/03/07 16:00:00,981.47,27.60,TRADE
SA1,2021/03/07 16:30:00,1099.36,34.65,TRADE
SA1,2021/03/07 17:00:00,1208.23,56.19,TRADE
SA1,2021/03/07 17:30:00,1291.73,55.72,TRADE
SA1,2021/03/07 18:00:00,1323.69,74.74,TRADE
SA1,2021/03/07 18:30:00,1330.41,59.70,TRADE
SA1,2021/03/07 19:00:00,1341.48,61.44,TRADE
SA1,2021/03/07 19:30:00,1364.35,62.24,TRADE
SA1,2021/03/07 20:00:00,1343.05,60.53,TRADE
SA1,2021/03/07 20:30:00,1328.45,60.32,TRADE
SA1,2021/03/07 21:00:00,1304.99,56.47,TRADE
SA1,2021/03/07 21:30:00,1269.86,48.32,TRADE
SA1,2021/03/07 22:00:00,1240.94,45.04,TRADE
SA1,2021/03/07 22:30:00,1206.64,50.52,TRADE
SA1,2021/03/07 23:00:00,1189.62,44.92,TRADE
SA1,2021/03/07 23:30:00,1184.7,54.75,TRADE
SA1,2021/03/08 00:00:00,1337.28,67.80,TRADE
SA1,2021/03/08 00:30:00,1311.89,61.83,TRADE
SA1,2021/03/08 01:00:00,1253.01,61.17,TRADE
SA1,2021/03/08 01:30:00,1157.27,61.05,TRADE
SA1,2021/03/08 02:00:00,1103.14,48.34,TRADE
SA1,2021/03/08 02:30:00,1062.35,43.91,TRADE
SA1,2021/03/08 03:00:00,1059.47,45.11,TRADE
SA1,2021/03/08 03:30:00,1040.04,40.69,TRADE
SA1,2021/03/08 04:00:00,1034.71,38.95,TRADE
SA1,2021/03/08 04:30:00,1023.67,36.93,TRADE
SA1,2021/03/08 05:00:00,1036.54,35.19,TRADE
SA1,2021/03/08 05:30:00,1049.49,36.54,TRADE
SA1,2021/03/08 06:00:00,1077,35.44,TRADE
SA1,2021/03/08 06:30:00,1082.41,36.64,TRADE
SA1,2021/03/08 07:00:00,1095.68,37.36,TRADE
SA1,2021/03/08 07:30:00,1079.03,33.46,TRADE
SA1,2021/03/08 08:00:00,1037.38,33.37,TRADE
SA1,2021/03/08 08:30:00,968.82,32.47,TRADE
SA1,2021/03/08 09:00:00,861.52,31.40,TRADE
SA1,2021/03/08 09:30:00,739.81,29.79,TRADE
SA1,2021/03/08 10:00:00,662.45,27.44,TRADE
SA1,2021/03/08 10:30:00,584.17,26.25,TRADE
SA1,2021/03/08 11:00:00,502.21,22.07,TRADE
SA1,2021/03/08 11:30:00,444.84,25.64,TRADE
SA1,2021/03/08 12:00:00,404.07,25.19,TRADE
SA1,2021/03/08 12:30:00,356.54,22.04,TRADE
SA1,2021/03/08 13:00:00,360.4,-14.56,TRADE
SA1,2021/03/08 13:30:00,390.03,19.79,TRADE
SA1,2021/03/08 14:00:00,389.12,23.34,TRADE
SA1,2021/03/08 14:30:00,419.49,21.28,TRADE
SA1,2021/03/08 15:00:00,463.42,25.29,TRADE
SA1,2021/03/08 15:30:00,502.41,25.03,TRADE
SA1,2021/03/08 16:00:00,600.22,25.80,TRADE
SA1,2021/03/08 16:30:00,714.96,28.90,TRADE
SA1,2021/03/08 17:00:00,842.76,30.05,TRADE
SA1,2021/03/08 17:30:00,970.24,36.20,TRADE
SA1,2021/03/08 18:00:00,1090.82,29.69,TRADE
SA1,2021/03/08 18:30:00,1191.13,37.70,TRADE
SA1,2021/03/08 19:00:00,1264.72,56.67,TRADE
SA1,2021/03/08 19:30:00,1285.74,45.16,TRADE
SA1,2021/03/08 20:00:00,1290.57,44.01,TRADE
SA1,2021/03/08 20:30:00,1258.64,45.97,TRADE
SA1,2021/03/08 21:00:00,1229.96,30.34,TRADE
SA1,2021/03/08 21:30:00,1198.31,29.10,TRADE
SA1,2021/03/08 22:00:00,1158.52,26.33,TRADE
SA1,2021/03/08 22:30:00,1116.54,27.39,TRADE
SA1,2021/03/08 23:00:00,1086.57,27,TRADE
SA1,2021/03/08 23:30:00,1074.45,27.60,TRADE
SA1,2021/03/09 00:00:00,1246.99,30.23,TRADE
SA1,2021/03/09 00:30:00,1258.44,26.40,TRADE
SA1,2021/03/09 01:00:00,1227.8,22.98,TRADE
SA1,2021/03/09 01:30:00,1161.11,18.71,TRADE
SA1,2021/03/09 02:00:00,1124.86,11,TRADE
SA1,2021/03/09 02:30:00,1092.16,8.37,TRADE
SA1,2021/03/09 03:00:00,1080.16,8.24,TRADE
SA1,2021/03/09 03:30:00,1055.79,8.20,TRADE
SA1,2021/03/09 04:00:00,1050.79,13.01,TRADE
SA1,2021/03/09 04:30:00,1032.19,18.17,TRADE
SA1,2021/03/09 05:00:00,1068.12,22.70,TRADE
SA1,2021/03/09 05:30:00,1106.03,26.96,TRADE
SA1,2021/03/09 06:00:00,1173.62,30.20,TRADE
SA1,2021/03/09 06:30:00,1247.58,42.02,TRADE
SA1,2021/03/09 07:00:00,1304.44,50.80,TRADE
SA1,2021/03/09 07:30:00,1321.49,31.53,TRADE
SA1,2021/03/09 08:00:00,1211.72,25.51,TRADE
SA1,2021/03/09 08:30:00,1101.26,27.33,TRADE
SA1,2021/03/09 09:00:00,1041.49,-41.14,TRADE
SA1,2021/03/09 09:30:00,933.34,-34.67,TRADE
SA1,2021/03/09 10:00:00,819.9,-35,TRADE
SA1,2021/03/09 10:30:00,727.63,-36.39,TRADE
SA1,2021/03/09 11:00:00,659.79,-89.17,TRADE
SA1,2021/03/09 11:30:00,632.79,-114.17,TRADE
SA1,2021/03/09 12:00:00,587.27,-60.83,TRADE
SA1,2021/03/09 12:30:00,569.55,-24.33,TRADE
SA1,2021/03/09 13:00:00,535.2,-10.09,TRADE
SA1,2021/03/09 13:30:00,521.68,-14.56,TRADE
SA1,2021/03/09 14:00:00,550.97,-11.96,TRADE
SA1,2021/03/09 14:30:00,537.81,5.01,TRADE
SA1,2021/03/09 15:00:00,570.14,10.28,TRADE
SA1,2021/03/09 15:30:00,615.41,18.45,TRADE
SA1,2021/03/09 16:00:00,709.56,23.32,TRADE
SA1,2021/03/09 16:30:00,818.26,26.81,TRADE
SA1,2021/03/09 17:00:00,939.61,32.97,TRADE
SA1,2021/03/09 17:30:00,1066.92,39.17,TRADE
SA1,2021/03/09 18:00:00,1187.67,39.65,TRADE
SA1,2021/03/09 18:30:00,1306.81,50.50,TRADE
SA1,2021/03/09 19:00:00,1375.5,49.54,TRADE
SA1,2021/03/09 19:30:00,1387.44,31.65,TRADE
SA1,2021/03/09 20:00:00,1397.75,29.82,TRADE
SA1,2021/03/09 20:30:00,1349.53,32.36,TRADE
SA1,2021/03/09 21:00:00,1323.43,26.90,TRADE
SA1,2021/03/09 21:30:00,1273.2,26.75,TRADE
SA1,2021/03/09 22:00:00,1227.49,25.36,TRADE
SA1,2021/03/09 22:30:00,1185.33,25.62,TRADE
SA1,2021/03/09 23:00:00,1177.8,26.77,TRADE
SA1,2021/03/09 23:30:00,1177.53,28.57,TRADE
SA1,2021/03/10 00:00:00,1300.99,31.46,TRADE
SA1,2021/03/10 00:30:00,1301.03,30.58,TRADE
SA1,2021/03/10 01:00:00,1267.98,29.86,TRADE
SA1,2021/03/10 01:30:00,1172.45,29.68,TRADE
SA1,2021/03/10 02:00:00,1119.82,27.68,TRADE
SA1,2021/03/10 02:30:00,1104.26,25.51,TRADE
SA1,2021/03/10 03:00:00,1104.41,24.79,TRADE
SA1,2021/03/10 03:30:00,1095.09,28.08,TRADE
SA1,2021/03/10 04:00:00,1064.08,28.43,TRADE
SA1,2021/03/10 04:30:00,1067.6,26.16,TRADE
SA1,2021/03/10 05:00:00,1096.05,28.72,TRADE
SA1,2021/03/10 05:30:00,1143.51,31.95,TRADE
SA1,2021/03/10 06:00:00,1223.44,33.97,TRADE
SA1,2021/03/10 06:30:00,1306.11,52.18,TRADE
SA1,2021/03/10 07:00:00,1363.69,49.88,TRADE
SA1,2021/03/10 07:30:00,1386.19,35.41,TRADE
SA1,2021/03/10 08:00:00,1283.53,33.93,TRADE
SA1,2021/03/10 08:30:00,1261.8,33.12,TRADE
SA1,2021/03/10 09:00:00,1164.33,29.10,TRADE
SA1,2021/03/10 09:30:00,1161.15,31.05,TRADE
SA1,2021/03/10 10:00:00,1085.41,15.42,TRADE
SA1,2021/03/10 10:30:00,977.59,8.10,TRADE
SA1,2021/03/10 11:00:00,933.38,11.51,TRADE
SA1,2021/03/10 11:30:00,938.01,10.14,TRADE
SA1,2021/03/10 12:00:00,941.85,9.27,TRADE
SA1,2021/03/10 12:30:00,948.39,18.79,TRADE
SA1,2021/03/10 13:00:00,1066.63,22.94,TRADE
SA1,2021/03/10 13:30:00,1118.56,29.32,TRADE
SA1,2021/03/10 14:00:00,1113.93,32.66,TRADE
SA1,2021/03/10 14:30:00,1196.19,33.79,TRADE
SA1,2021/03/10 15:00:00,1250.98,39.97,TRADE
SA1,2021/03/10 15:30:00,1266.15,44.71,TRADE
SA1,2021/03/10 16:00:00,1363.57,54.07,TRADE
SA1,2021/03/10 16:30:00,1411.38,47.88,TRADE
SA1,2021/03/10 17:00:00,1431.55,40.26,TRADE
SA1,2021/03/10 17:30:00,1451.72,39.03,TRADE
SA1,2021/03/10 18:00:00,1490.83,57.60,TRADE
SA1,2021/03/10 18:30:00,1474.1,55.92,TRADE
SA1,2021/03/10 19:00:00,1454,46.94,TRADE
SA1,2021/03/10 19:30:00,1469.8,40.15,TRADE
SA1,2021/03/10 20:00:00,1452.16,42.87,TRADE
SA1,2021/03/10 20:30:00,1410.42,34.21,TRADE
SA1,2021/03/10 21:00:00,1357.1,32.92,TRADE
SA1,2021/03/10 21:30:00,1269.36,32.56,TRADE
SA1,2021/03/10 22:00:00,1224.07,32.38,TRADE
SA1,2021/03/10 22:30:00,1218.03,44.18,TRADE
SA1,2021/03/10 23:00:00,1206.91,35.34,TRADE
SA1,2021/03/10 23:30:00,1219.07,35.42,TRADE
SA1,2021/03/11 00:00:00,1408.21,68.99,TRADE
SA1,2021/03/11 00:30:00,1412.05,85.79,TRADE
SA1,2021/03/11 01:00:00,1372.52,68.63,TRADE
SA1,2021/03/11 01:30:00,1269.84,55.97,TRADE
SA1,2021/03/11 02:00:00,1199.03,45.53,TRADE
SA1,2021/03/11 02:30:00,1164,41.49,TRADE
SA1,2021/03/11 03:00:00,1158.09,38.74,TRADE
SA1,2021/03/11 03:30:00,1144.62,38.67,TRADE
SA1,2021/03/11 04:00:00,1134.2,42.62,TRADE
SA1,2021/03/11 04:30:00,1140.36,44.06,TRADE
SA1,2021/03/11 05:00:00,1187.17,42.32,TRADE
SA1,2021/03/11 05:30:00,1220.09,45.92,TRADE
SA1,2021/03/11 06:00:00,1291.42,58.98,TRADE
SA1,2021/03/11 06:30:00,1363.82,64.26,TRADE
SA1,2021/03/11 07:00:00,1439.98,80.31,TRADE
SA1,2021/03/11 07:30:00,1466.63,51.67,TRADE
SA1,2021/03/11 08:00:00,1362.09,57.08,TRADE
SA1,2021/03/11 08:30:00,1290.15,58.12,TRADE
SA1,2021/03/11 09:00:00,1214.11,43.51,TRADE
SA1,2021/03/11 09:30:00,1090.83,44.22,TRADE
SA1,2021/03/11 10:00:00,960.49,43.22,TRADE
SA1,2021/03/11 10:30:00,832.38,41.13,TRADE
SA1,2021/03/11 11:00:00,776.34,38.39,TRADE
SA1,2021/03/11 11:30:00,725.85,36.87,TRADE
SA1,2021/03/11 12:00:00,675.26,36.64,TRADE
SA1,2021/03/11 12:30:00,649.98,33.92,TRADE
SA1,2021/03/11 13:00:00,646.82,35.29,TRADE
SA1,2021/03/11 13:30:00,647.03,40.56,TRADE
SA1,2021/03/11 14:00:00,641.11,38.68,TRADE
SA1,2021/03/11 14:30:00,681.97,30.37,TRADE
SA1,2021/03/11 15:00:00,719.2,30.39,TRADE
SA1,2021/03/11 15:30:00,790.33,35.33,TRADE
SA1,2021/03/11 16:00:00,895.36,43,TRADE
SA1,2021/03/11 16:30:00,1013.33,39.98,TRADE
SA1,2021/03/11 17:00:00,1117.86,49.63,TRADE
SA1,2021/03/11 17:30:00,1262.23,55.94,TRADE
SA1,2021/03/11 18:00:00,1400.2,149.87,TRADE
SA1,2021/03/11 18:30:00,1433.94,89.04,TRADE
SA1,2021/03/11 19:00:00,1502.92,99.30,TRADE
SA1,2021/03/11 19:30:00,1502.12,62.53,TRADE
SA1,2021/03/11 20:00:00,1499.82,68.06,TRADE
SA1,2021/03/11 20:30:00,1449.45,61.89,TRADE
SA1,2021/03/11 21:00:00,1380.28,58.58,TRADE
SA1,2021/03/11 21:30:00,1309.97,49.98,TRADE
SA1,2021/03/11 22:00:00,1251.95,41.32,TRADE
SA1,2021/03/11 22:30:00,1241.71,50.87,TRADE
SA1,2021/03/11 23:00:00,1215.67,60.30,TRADE
SA1,2021/03/11 23:30:00,1214.27,56.61,TRADE
SA1,2021/03/12 00:00:00,1359.29,72.67,TRADE
SA1,2021/03/12 00:30:00,1356.46,61.50,TRADE
SA1,2021/03/12 01:00:00,1303.4,52.44,TRADE
SA1,2021/03/12 01:30:00,1219.46,39.53,TRADE
SA1,2021/03/12 02:00:00,1173.62,37.24,TRADE
SA1,2021/03/12 02:30:00,1148.5,36.92,TRADE
SA1,2021/03/12 03:00:00,1134.62,34.15,TRADE
SA1,2021/03/12 03:30:00,1104.7,32.42,TRADE
SA1,2021/03/12 04:00:00,1075.3,32.43,TRADE
SA1,2021/03/12 04:30:00,1058.78,35.46,TRADE
SA1,2021/03/12 05:00:00,1090.9,39.06,TRADE
SA1,2021/03/12 05:30:00,1138.91,44.52,TRADE
SA1,2021/03/12 06:00:00,1223.94,45.61,TRADE
SA1,2021/03/12 06:30:00,1293.05,47.32,TRADE
SA1,2021/03/12 07:00:00,1390.21,51.69,TRADE
SA1,2021/03/12 07:30:00,1417.18,36.66,TRADE
SA1,2021/03/12 08:00:00,1305.6,36.37,TRADE
SA1,2021/03/12 08:30:00,1182.61,36.08,TRADE
SA1,2021/03/12 09:00:00,1070.1,33.38,TRADE
SA1,2021/03/12 09:30:00,984.14,36.47,TRADE
SA1,2021/03/12 10:00:00,897.76,-2.95,TRADE
SA1,2021/03/12 10:30:00,830.51,21.20,TRADE
SA1,2021/03/12 11:00:00,786.58,26.46,TRADE
SA1,2021/03/12 11:30:00,785.1,-79.24,TRADE
SA1,2021/03/12 12:00:00,790.18,-104.97,TRADE
SA1,2021/03/12 12:30:00,765.65,-5.27,TRADE
SA1,2021/03/12 13:00:00,740.22,9.62,TRADE
SA1,2021/03/12 13:30:00,737.38,-2.77,TRADE
SA1,2021/03/12 14:00:00,762.51,-40.66,TRADE
SA1,2021/03/12 14:30:00,800.12,25.44,TRADE
SA1,2021/03/12 15:00:00,855.91,26.40,TRADE
SA1,2021/03/12 15:30:00,962.55,37.01,TRADE
SA1,2021/03/12 16:00:00,1116.82,39.66,TRADE
SA1,2021/03/12 16:30:00,1255.52,35.36,TRADE
SA1,2021/03/12 17:00:00,1368.26,47.09,TRADE
SA1,2021/03/12 17:30:00,1468.67,81.55,TRADE
SA1,2021/03/12 18:00:00,1606.91,1087.16,TRADE
SA1,2021/03/12 18:30:00,1689.04,3372.40,TRADE
SA1,2021/03/12 19:00:00,1769.51,2041.92,TRADE
SA1,2021/03/12 19:30:00,1752.48,5010.09,TRADE
SA1,2021/03/12 20:00:00,1679.84,14348.15,TRADE
SA1,2021/03/12 20:30:00,1613.04,5066.14,TRADE
SA1,2021/03/12 21:00:00,1544.57,2207.63,TRADE
SA1,2021/03/12 21:30:00,1471.6,2206.08,TRADE
SA1,2021/03/12 22:00:00,1393.12,509.46,TRADE
SA1,2021/03/12 22:30:00,1339.24,1938.67,TRADE
SA1,2021/03/12 23:00:00,1301.55,12222.58,TRADE
SA1,2021/03/12 23:30:00,1260.9,5308.74,TRADE
SA1,2021/03/13 00:00:00,1373.93,7885.34,TRADE
SA1,2021/03/13 00:30:00,1349.91,124.07,TRADE
SA1,2021/03/13 01:00:00,1298.77,145.82,TRADE
SA1,2021/03/13 01:30:00,1229.03,24.92,TRADE
SA1,2021/03/13 02:00:00,1171.12,11.05,TRADE
SA1,2021/03/13 02:30:00,1085.75,17.10,TRADE
SA1,2021/03/13 03:00:00,1059.69,13.43,TRADE
SA1,2021/03/13 03:30:00,1019.07,15.24,TRADE
SA1,2021/03/13 04:00:00,997.23,-24.59,TRADE
SA1,2021/03/13 04:30:00,1026.77,13.38,TRADE
SA1,2021/03/13 05:00:00,1011.85,-30.25,TRADE
SA1,2021/03/13 05:30:00,993.42,10.48,TRADE
SA1,2021/03/13 06:00:00,1013.23,-127.68,TRADE
SA1,2021/03/13 06:30:00,1072.55,25.37,TRADE
SA1,2021/03/13 07:00:00,1042.82,36.29,TRADE
SA1,2021/03/13 07:30:00,1019.68,22.76,TRADE
SA1,2021/03/13 08:00:00,1058.1,-76.04,TRADE
SA1,2021/03/13 08:30:00,1192.61,-27.84,TRADE
SA1,2021/03/13 09:00:00,1247.99,40.93,TRADE
SA1,2021/03/13 09:30:00,1258.02,-63.60,TRADE
SA1,2021/03/13 10:00:00,1262.9,-20.84,TRADE
SA1,2021/03/13 10:30:00,1223.96,0.58,TRADE
SA1,2021/03/13 11:00:00,1150.36,-50.64,TRADE
SA1,2021/03/13 11:30:00,1140.19,-58.09,TRADE
SA1,2021/03/13 12:00:00,1169.6,-87.18,TRADE
SA1,2021/03/13 12:30:00,1102.71,-50.31,TRADE
SA1,2021/03/13 13:00:00,1000.45,-107.05,TRADE
SA1,2021/03/13 13:30:00,786.94,-236.26,TRADE
SA1,2021/03/13 14:00:00,632.42,-319.10,TRADE
SA1,2021/03/13 14:30:00,585.66,-345.10,TRADE
SA1,2021/03/13 15:00:00,587.18,-225.48,TRADE
SA1,2021/03/13 15:30:00,609.72,-195,TRADE
SA1,2021/03/13 16:00:00,701.77,-102.66,TRADE
SA1,2021/03/13 16:30:00,780.01,-137.49,TRADE
SA1,2021/03/13 17:00:00,857.45,-70,TRADE
SA1,2021/03/13 17:30:00,966.67,-54.92,TRADE
SA1,2021/03/13 18:00:00,1089.31,-40.07,TRADE
SA1,2021/03/13 18:30:00,1224.42,-17.18,TRADE
SA1,2021/03/13 19:00:00,1251.26,-44.01,TRADE
SA1,2021/03/13 19:30:00,1222.92,-54.34,TRADE
SA1,2021/03/13 20:00:00,1224.98,-28.39,TRADE
SA1,2021/03/13 20:30:00,1216.54,-24.10,TRADE
SA1,2021/03/13 21:00:00,1150.01,-57.98,TRADE
SA1,2021/03/13 21:30:00,1117.98,-48.56,TRADE
SA1,2021/03/13 22:00:00,1117.63,-35.44,TRADE
SA1,2021/03/13 22:30:00,1076.73,-34.83,TRADE
SA1,2021/03/13 23:00:00,1060.63,-31.83,TRADE
SA1,2021/03/13 23:30:00,1061.78,-21.18,TRADE
SA1,2021/03/14 00:00:00,1212.89,39.27,TRADE
SA1,2021/03/14 00:30:00,1232.27,52.69,TRADE
SA1,2021/03/14 01:00:00,1199.64,50.43,TRADE
SA1,2021/03/14 01:30:00,1116.25,33.10,TRADE
SA1,2021/03/14 02:00:00,1063.94,17.26,TRADE
SA1,2021/03/14 02:30:00,1028.91,6,TRADE
SA1,2021/03/14 03:00:00,1066.64,6.88,TRADE
SA1,2021/03/14 03:30:00,1050.14,5.63,TRADE
SA1,2021/03/14 04:00:00,1047.72,7.21,TRADE
SA1,2021/03/14 04:30:00,1015.7,6.56,TRADE
SA1,2021/03/14 05:00:00,1012.72,9.04,TRADE
SA1,2021/03/14 05:30:00,1029.21,14.80,TRADE
SA1,2021/03/14 06:00:00,1046.96,18.31,TRADE
SA1,2021/03/14 06:30:00,1077.14,33.45,TRADE
SA1,2021/03/14 07:00:00,1103.55,58.57,TRADE
SA1,2021/03/14 07:30:00,1097.67,40.57,TRADE
SA1,2021/03/14 08:00:00,1031.11,-107.67,TRADE
SA1,2021/03/14 08:30:00,993.71,-37.51,TRADE
SA1,2021/03/14 09:00:00,877.21,-196.80,TRADE
SA1,2021/03/14 09:30:00,754.41,-417.40,TRADE
SA1,2021/03/14 10:00:00,666.22,-533.77,TRADE
SA1,2021/03/14 10:30:00,630.37,-535.89,TRADE
SA1,2021/03/14 11:00:00,565.36,-553.45,TRADE
SA1,2021/03/14 11:30:00,522.58,-555.78,TRADE
SA1,2021/03/14 12:00:00,515.51,-547.38,TRADE
SA1,2021/03/14 12:30:00,494.62,-548.35,TRADE
SA1,2021/03/14 13:00:00,473.05,-543.93,TRADE
SA1,2021/03/14 13:30:00,448.1,-576.16,TRADE
SA1,2021/03/14 14:00:00,393.33,-628.65,TRADE
SA1,2021/03/14 14:30:00,353.22,-560.16,TRADE
SA1,2021/03/14 15:00:00,396.19,-512.07,TRADE
SA1,2021/03/14 15:30:00,480.29,-537.40,TRADE
SA1,2021/03/14 16:00:00,569.18,-470.26,TRADE
SA1,2021/03/14 16:30:00,680.84,-205.04,TRADE
SA1,2021/03/14 17:00:00,816.48,-57.45,TRADE
SA1,2021/03/14 17:30:00,932.85,-10.90,TRADE
SA1,2021/03/14 18:00:00,1071.18,25.96,TRADE
SA1,2021/03/14 18:30:00,1211.16,41.28,TRADE
SA1,2021/03/14 19:00:00,1285.87,33.46,TRADE
SA1,2021/03/14 19:30:00,1344.91,95.53,TRADE
SA1,2021/03/14 20:00:00,1324.99,66.77,TRADE
SA1,2021/03/14 20:30:00,1312.17,57.14,TRADE
SA1,2021/03/14 21:00:00,1280.44,61.32,TRADE
SA1,2021/03/14 21:30:00,1244.19,43.75,TRADE
SA1,2021/03/14 22:00:00,1216.63,34.74,TRADE
SA1,2021/03/14 22:30:00,1168.77,34.18,TRADE
SA1,2021/03/14 23:00:00,1159.76,35.46,TRADE
SA1,2021/03/14 23:30:00,1166.94,30.67,TRADE
SA1,2021/03/15 00:00:00,1348.75,67.59,TRADE
SA1,2021/03/15 00:30:00,1369.53,112.77,TRADE
SA1,2021/03/15 01:00:00,1343.29,60.72,TRADE
SA1,2021/03/15 01:30:00,1281.96,61.68,TRADE
SA1,2021/03/15 02:00:00,1222.32,62,TRADE
SA1,2021/03/15 02:30:00,1177.68,62,TRADE
SA1,2021/03/15 03:00:00,1150.96,62,TRADE
SA1,2021/03/15 03:30:00,1124.26,62,TRADE
SA1,2021/03/15 04:00:00,1122.54,63.64,TRADE
SA1,2021/03/15 04:30:00,1120.52,60.83,TRADE
SA1,2021/03/15 05:00:00,1151.87,73.90,TRADE
SA1,2021/03/15 05:30:00,1195.59,85.86,TRADE
SA1,2021/03/15 06:00:00,1251.58,127.31,TRADE
SA1,2021/03/15 06:30:00,1344.53,164.17,TRADE
SA1,2021/03/15 07:00:00,1456.57,232.17,TRADE
SA1,2021/03/15 07:30:00,1481.01,209.53,TRADE
SA1,2021/03/15 08:00:00,1381.07,92.33,TRADE
SA1,2021/03/15 08:30:00,1249.44,71.78,TRADE
SA1,2021/03/15 09:00:00,1121.54,96.16,TRADE
SA1,2021/03/15 09:30:00,989.08,58.56,TRADE
SA1,2021/03/15 10:00:00,925.21,44.23,TRADE
SA1,2021/03/15 10:30:00,880.46,26.01,TRADE
SA1,2021/03/15 11:00:00,885.84,41.72,TRADE
SA1,2021/03/15 11:30:00,915.9,48.37,TRADE
SA1,2021/03/15 12:00:00,908.93,26,TRADE
SA1,2021/03/15 12:30:00,879.43,60.58,TRADE
SA1,2021/03/15 13:00:00,870.26,41.98,TRADE
SA1,2021/03/15 13:30:00,852.28,49.26,TRADE
SA1,2021/03/15 14:00:00,895.13,48.90,TRADE
SA1,2021/03/15 14:30:00,936.64,62.51,TRADE
SA1,2021/03/15 15:00:00,953.73,52.39,TRADE
SA1,2021/03/15 15:30:00,1005.56,102.95,TRADE
SA1,2021/03/15 16:00:00,1072.78,58.67,TRADE
SA1,2021/03/15 16:30:00,1152.43,56.63,TRADE
SA1,2021/03/15 17:00:00,1239.2,63.85,TRADE
SA1,2021/03/15 17:30:00,1332.33,49.53,TRADE
SA1,2021/03/15 18:00:00,1391.8,61.20,TRADE
SA1,2021/03/15 18:30:00,1436.78,56.32,TRADE
SA1,2021/03/15 19:00:00,1463.7,62.86,TRADE
SA1,2021/03/15 19:30:00,1499.15,62,TRADE
SA1,2021/03/15 20:00:00,1481.28,60.04,TRADE
SA1,2021/03/15 20:30:00,1450.65,56.98,TRADE
SA1,2021/03/15 21:00:00,1408.77,45.24,TRADE
SA1,2021/03/15 21:30:00,1357.49,44.45,TRADE
SA1,2021/03/15 22:00:00,1297.93,39.07,TRADE
SA1,2021/03/15 22:30:00,1265.75,48.85,TRADE
SA1,2021/03/15 23:00:00,1245.56,42,TRADE
SA1,2021/03/15 23:30:00,1241.58,41.02,TRADE
SA1,2021/03/16 00:00:00,1399.4,62,TRADE
SA1,2021/03/16 00:30:00,1408.8,61.83,TRADE
SA1,2021/03/16 01:00:00,1363.62,61.31,TRADE
SA1,2021/03/16 01:30:00,1279.17,57.10,TRADE
SA1,2021/03/16 02:00:00,1215.42,41,TRADE
SA1,2021/03/16 02:30:00,1182.59,36.11,TRADE
SA1,2021/03/16 03:00:00,1173.56,45.64,TRADE
SA1,2021/03/16 03:30:00,1153.83,57.69,TRADE
SA1,2021/03/16 04:00:00,1148.78,62,TRADE
SA1,2021/03/16 04:30:00,1141.94,61.46,TRADE
SA1,2021/03/16 05:00:00,1170.47,62,TRADE
SA1,2021/03/16 05:30:00,1210.84,62,TRADE
SA1,2021/03/16 06:00:00,1289.7,81.22,TRADE
SA1,2021/03/16 06:30:00,1338.55,70.27,TRADE
SA1,2021/03/16 07:00:00,1449.24,63.46,TRADE
SA1,2021/03/16 07:30:00,1481.29,80.04,TRADE
SA1,2021/03/16 08:00:00,1417.27,53.75,TRADE
SA1,2021/03/16 08:30:00,1331.04,43.82,TRADE
SA1,2021/03/16 09:00:00,1237.02,91.04,TRADE
SA1,2021/03/16 09:30:00,1108.28,38.51,TRADE
SA1,2021/03/16 10:00:00,1004.17,24.06,TRADE
SA1,2021/03/16 10:30:00,912.53,14.83,TRADE
SA1,2021/03/16 11:00:00,863.22,25.81,TRADE
SA1,2021/03/16 11:30:00,898.62,74.49,TRADE
SA1,2021/03/16 12:00:00,961.89,132.89,TRADE
SA1,2021/03/16 12:30:00,985.4,244.90,TRADE
SA1,2021/03/16 13:00:00,985.64,83.91,TRADE
SA1,2021/03/16 13:30:00,964.29,161.29,TRADE
SA1,2021/03/16 14:00:00,996.06,280.51,TRADE
SA1,2021/03/16 14:30:00,1025.29,108.65,TRADE
SA1,2021/03/16 15:00:00,1055.14,111.51,TRADE
SA1,2021/03/16 15:30:00,1106.5,128.25,TRADE
SA1,2021/03/16 16:00:00,1118.06,80.96,TRADE
SA1,2021/03/16 16:30:00,1124.44,51.50,TRADE
SA1,2021/03/16 17:00:00,1174.64,46.29,TRADE
SA1,2021/03/16 17:30:00,1224.24,41.20,TRADE
SA1,2021/03/16 18:00:00,1273.31,48.75,TRADE
SA1,2021/03/16 18:30:00,1353.94,71.70,TRADE
SA1,2021/03/16 19:00:00,1392.66,87.88,TRADE
SA1,2021/03/16 19:30:00,1417.77,73.37,TRADE
SA1,2021/03/16 20:00:00,1414.61,42.70,TRADE
SA1,2021/03/16 20:30:00,1372.66,27.11,TRADE
SA1,2021/03/16 21:00:00,1349.8,26.71,TRADE
SA1,2021/03/16 21:30:00,1319.68,29.22,TRADE
SA1,2021/03/16 22:00:00,1269.16,27.62,TRADE
SA1,2021/03/16 22:30:00,1221.97,28.10,TRADE
SA1,2021/03/16 23:00:00,1204.16,28.57,TRADE
SA1,2021/03/16 23:30:00,1207.96,34.29,TRADE
SA1,2021/03/17 00:00:00,1372.9,89.70,TRADE
SA1,2021/03/17 00:30:00,1382.15,66.07,TRADE
SA1,2021/03/17 01:00:00,1340.87,61.63,TRADE
SA1,2021/03/17 01:30:00,1277.82,61,TRADE
SA1,2021/03/17 02:00:00,1242.87,61.67,TRADE
SA1,2021/03/17 02:30:00,1227.81,61.50,TRADE
SA1,2021/03/17 03:00:00,1227.09,61.50,TRADE
SA1,2021/03/17 03:30:00,1204.88,61.17,TRADE
SA1,2021/03/17 04:00:00,1193.48,61.83,TRADE
SA1,2021/03/17 04:30:00,1184.89,62,TRADE
SA1,2021/03/17 05:00:00,1204.31,61.83,TRADE
SA1,2021/03/17 05:30:00,1256.31,100.94,TRADE
SA1,2021/03/17 06:00:00,1319.72,82.70,TRADE
SA1,2021/03/17 06:30:00,1385.21,111.44,TRADE
SA1,2021/03/17 07:00:00,1469.22,117.63,TRADE
SA1,2021/03/17 07:30:00,1484.87,102.38,TRADE
SA1,2021/03/17 08:00:00,1383.15,54.30,TRADE
SA1,2021/03/17 08:30:00,1272.81,40.02,TRADE
SA1,2021/03/17 09:00:00,1164.24,55.37,TRADE
SA1,2021/03/17 09:30:00,1031.57,43.87,TRADE
SA1,2021/03/17 10:00:00,921.53,39.08,TRADE
SA1,2021/03/17 10:30:00,843.45,34.93,TRADE
SA1,2021/03/17 11:00:00,756.16,33.29,TRADE
SA1,2021/03/17 11:30:00,722.24,33.56,TRADE
SA1,2021/03/17 12:00:00,706.63,32.15,TRADE
SA1,2021/03/17 12:30:00,689.08,31.92,TRADE
SA1,2021/03/17 13:00:00,689.72,33.18,TRADE
SA1,2021/03/17 13:30:00,683.1,33.29,TRADE
SA1,2021/03/17 14:00:00,709.63,33.92,TRADE
SA1,2021/03/17 14:30:00,720.29,35.15,TRADE
SA1,2021/03/17 15:00:00,771,38.86,TRADE
SA1,2021/03/17 15:30:00,813.74,43.60,TRADE
SA1,2021/03/17 16:00:00,919.45,52.65,TRADE
SA1,2021/03/17 16:30:00,1027.47,71.02,TRADE
SA1,2021/03/17 17:00:00,1170.87,171.77,TRADE
SA1,2021/03/17 17:30:00,1273.98,55.93,TRADE
SA1,2021/03/17 18:00:00,1398.31,62.33,TRADE
SA1,2021/03/17 18:30:00,1499.12,64.17,TRADE
SA1,2021/03/17 19:00:00,1550.95,83.96,TRADE
SA1,2021/03/17 19:30:00,1541.4,111.53,TRADE
SA1,2021/03/17 20:00:00,1504.96,118.74,TRADE
SA1,2021/03/17 20:30:00,1447.48,89.78,TRADE
SA1,2021/03/17 21:00:00,1400.01,67.55,TRADE
SA1,2021/03/17 21:30:00,1338.72,62.09,TRADE
SA1,2021/03/17 22:00:00,1277.91,38.18,TRADE
SA1,2021/03/17 22:30:00,1226.81,36.04,TRADE
SA1,2021/03/17 23:00:00,1202.62,28.90,TRADE
SA1,2021/03/17 23:30:00,1194.34,34.58,TRADE
SA1,2021/03/18 00:00:00,1340.58,40.87,TRADE
SA1,2021/03/18 00:30:00,1350.44,45.92,TRADE
SA1,2021/03/18 01:00:00,1313.22,43.16,TRADE
SA1,2021/03/18 01:30:00,1243.99,35.37,TRADE
SA1,2021/03/18 02:00:00,1207,34.13,TRADE
SA1,2021/03/18 02:30:00,1192.99,31.60,TRADE
SA1,2021/03/18 03:00:00,1174.13,32.12,TRADE
SA1,2021/03/18 03:30:00,1159.46,31.76,TRADE
SA1,2021/03/18 04:00:00,1156.4,30.93,TRADE
SA1,2021/03/18 04:30:00,1184.03,32.91,TRADE
SA1,2021/03/18 05:00:00,1206.67,35.43,TRADE
SA1,2021/03/18 05:30:00,1253.51,36.14,TRADE
SA1,2021/03/18 06:00:00,1343.72,50.25,TRADE
SA1,2021/03/18 06:30:00,1416.19,51.30,TRADE
SA1,2021/03/18 07:00:00,1504.85,74.54,TRADE
SA1,2021/03/18 07:30:00,1513.89,54.51,TRADE
SA1,2021/03/18 08:00:00,1415.49,35.82,TRADE
SA1,2021/03/18 08:30:00,1323.86,41.30,TRADE
SA1,2021/03/18 09:00:00,1235.26,-83.11,TRADE
SA1,2021/03/18 09:30:00,1176.82,-93.02,TRADE
SA1,2021/03/18 10:00:00,1088.68,-53.01,TRADE
SA1,2021/03/18 10:30:00,993.79,-82.01,TRADE
SA1,2021/03/18 11:00:00,931.32,-169.34,TRADE
SA1,2021/03/18 11:30:00,916.3,-141.23,TRADE
SA1,2021/03/18 12:00:00,853.59,-22.87,TRADE
SA1,2021/03/18 12:30:00,849.69,-24.37,TRADE
SA1,2021/03/18 13:00:00,847.83,-0.20,TRADE
SA1,2021/03/18 13:30:00,844.17,32.95,TRADE
SA1,2021/03/18 14:00:00,892.02,34.11,TRADE
SA1,2021/03/18 14:30:00,912.55,33.27,TRADE
SA1,2021/03/18 15:00:00,970.75,38.50,TRADE
SA1,2021/03/18 15:30:00,1067.46,44.39,TRADE
SA1,2021/03/18 16:00:00,1178.55,89.25,TRADE
SA1,2021/03/18 16:30:00,1256.68,41.92,TRADE
SA1,2021/03/18 17:00:00,1333.71,61.15,TRADE
SA1,2021/03/18 17:30:00,1481.21,98.80,TRADE
SA1,2021/03/18 18:00:00,1570.14,53.52,TRADE
SA1,2021/03/18 18:30:00,1624.79,44.36,TRADE
SA1,2021/03/18 19:00:00,1662.56,46.16,TRADE
SA1,2021/03/18 19:30:00,1656.19,41.39,TRADE
SA1,2021/03/18 20:00:00,1605.31,40.25,TRADE
SA1,2021/03/18 20:30:00,1526.13,35.88,TRADE
SA1,2021/03/18 21:00:00,1457.44,31.14,TRADE
SA1,2021/03/18 21:30:00,1404.52,28.39,TRADE
SA1,2021/03/18 22:00:00,1353.72,26.84,TRADE
SA1,2021/03/18 22:30:00,1286.89,32.57,TRADE
SA1,2021/03/18 23:00:00,1250.13,29.02,TRADE
SA1,2021/03/18 23:30:00,1256.96,32.07,TRADE
SA1,2021/03/19 00:00:00,1376.08,37.96,TRADE
SA1,2021/03/19 00:30:00,1370.02,37.48,TRADE
SA1,2021/03/19 01:00:00,1322.75,32.19,TRADE
SA1,2021/03/19 01:30:00,1263.44,31.79,TRADE
SA1,2021/03/19 02:00:00,1226.57,28.45,TRADE
SA1,2021/03/19 02:30:00,1186.06,24.74,TRADE
SA1,2021/03/19 03:00:00,1162.54,22.76,TRADE
SA1,2021/03/19 03:30:00,1148.67,20.03,TRADE
SA1,2021/03/19 04:00:00,1163.25,22.94,TRADE
SA1,2021/03/19 04:30:00,1162.04,22.12,TRADE
SA1,2021/03/19 05:00:00,1178.67,25.62,TRADE
SA1,2021/03/19 05:30:00,1215.52,30.25,TRADE
SA1,2021/03/19 06:00:00,1296.1,37.77,TRADE
SA1,2021/03/19 06:30:00,1380.56,52.01,TRADE
SA1,2021/03/19 07:00:00,1463.38,66.58,TRADE
SA1,2021/03/19 07:30:00,1489.65,37.31,TRADE
SA1,2021/03/19 08:00:00,1393.54,34.33,TRADE
SA1,2021/03/19 08:30:00,1327.28,34.42,TRADE
SA1,2021/03/19 09:00:00,1264.41,17.54,TRADE
SA1,2021/03/19 09:30:00,1207.07,-141.64,TRADE
SA1,2021/03/19 10:00:00,1156.8,-152.67,TRADE
SA1,2021/03/19 10:30:00,1083.81,-137.13,TRADE
SA1,2021/03/19 11:00:00,999.37,-45.08,TRADE
SA1,2021/03/19 11:30:00,970.72,-28.29,TRADE
SA1,2021/03/19 12:00:00,933.87,-54.49,TRADE
SA1,2021/03/19 12:30:00,910.58,-50.87,TRADE
SA1,2021/03/19 13:00:00,938.58,-31.16,TRADE
SA1,2021/03/19 13:30:00,1006.91,-34.50,TRADE
SA1,2021/03/19 14:00:00,1084.52,-14.56,TRADE
SA1,2021/03/19 14:30:00,1166.44,26.93,TRADE
SA1,2021/03/19 15:00:00,1157.31,25.96,TRADE
SA1,2021/03/19 15:30:00,1219.6,26.10,TRADE
SA1,2021/03/19 16:00:00,1287.06,29.11,TRADE
SA1,2021/03/19 16:30:00,1337.81,31.45,TRADE
SA1,2021/03/19 17:00:00,1390.28,31.44,TRADE
SA1,2021/03/19 17:30:00,1457.43,34.70,TRADE
SA1,2021/03/19 18:00:00,1517.57,28.79,TRADE
SA1,2021/03/19 18:30:00,1550.75,31.12,TRADE
SA1,2021/03/19 19:00:00,1559.71,32.40,TRADE
SA1,2021/03/19 19:30:00,1516.38,33.10,TRADE
SA1,2021/03/19 20:00:00,1478.7,32.84,TRADE
SA1,2021/03/19 20:30:00,1437.02,32.49,TRADE
SA1,2021/03/19 21:00:00,1407.36,25.11,TRADE
SA1,2021/03/19 21:30:00,1357.36,24.01,TRADE
SA1,2021/03/19 22:00:00,1315.84,31.14,TRADE
SA1,2021/03/19 22:30:00,1270.7,31.52,TRADE
SA1,2021/03/19 23:00:00,1251.68,24.63,TRADE
SA1,2021/03/19 23:30:00,1243.6,30.03,TRADE
SA1,2021/03/20 00:00:00,1384.38,32.96,TRADE
SA1,2021/03/20 00:30:00,1367.17,31.18,TRADE
SA1,2021/03/20 01:00:00,1318.17,28.35,TRADE
SA1,2021/03/20 01:30:00,1233.09,23.13,TRADE
SA1,2021/03/20 02:00:00,1167.79,23.24,TRADE
SA1,2021/03/20 02:30:00,1125.75,22,TRADE
SA1,2021/03/20 03:00:00,1121.07,17.41,TRADE
SA1,2021/03/20 03:30:00,1086.3,15.42,TRADE
SA1,2021/03/20 04:00:00,1091.75,17.36,TRADE
SA1,2021/03/20 04:30:00,1092.67,18.81,TRADE
SA1,2021/03/20 05:00:00,1093.64,20.28,TRADE
SA1,2021/03/20 05:30:00,1113.74,26.50,TRADE
SA1,2021/03/20 06:00:00,1156.81,28.73,TRADE
SA1,2021/03/20 06:30:00,1182.57,31.58,TRADE
SA1,2021/03/20 07:00:00,1232.56,33.91,TRADE
SA1,2021/03/20 07:30:00,1246.22,29.31,TRADE
SA1,2021/03/20 08:00:00,1210.62,28.03,TRADE
SA1,2021/03/20 08:30:00,1131.92,11.55,TRADE
SA1,2021/03/20 09:00:00,1060.23,8.72,TRADE
SA1,2021/03/20 09:30:00,954.57,3.10,TRADE
SA1,2021/03/20 10:00:00,877.28,10.39,TRADE
SA1,2021/03/20 10:30:00,846.43,-26.60,TRADE
SA1,2021/03/20 11:00:00,818.21,-25.68,TRADE
SA1,2021/03/20 11:30:00,772.86,-32.87,TRADE
SA1,2021/03/20 12:00:00,795.39,-53.48,TRADE
SA1,2021/03/20 12:30:00,851.48,-34.06,TRADE
SA1,2021/03/20 13:00:00,907.48,-18.11,TRADE
SA1,2021/03/20 13:30:00,946.5,-23.07,TRADE
SA1,2021/03/20 14:00:00,965.95,-27.78,TRADE
SA1,2021/03/20 14:30:00,996.47,-46.63,TRADE
SA1,2021/03/20 15:00:00,1072.34,-5.93,TRADE
SA1,2021/03/20 15:30:00,1140.73,-34.90,TRADE
SA1,2021/03/20 16:00:00,1190.97,-12.98,TRADE
SA1,2021/03/20 16:30:00,1274.36,-7.27,TRADE
SA1,2021/03/20 17:00:00,1356.78,2.11,TRADE
SA1,2021/03/20 17:30:00,1487.89,-2.68,TRADE
SA1,2021/03/20 18:00:00,1549.72,29.61,TRADE
SA1,2021/03/20 18:30:00,1588.65,29.64,TRADE
SA1,2021/03/20 19:00:00,1587.58,30.63,TRADE
SA1,2021/03/20 19:30:00,1539.73,30.48,TRADE
SA1,2021/03/20 20:00:00,1499.83,30.13,TRADE
SA1,2021/03/20 20:30:00,1444.12,29.99,TRADE
SA1,2021/03/20 21:00:00,1376.7,30.58,TRADE
SA1,2021/03/20 21:30:00,1316.34,30.67,TRADE
SA1,2021/03/20 22:00:00,1299.36,28.92,TRADE
SA1,2021/03/20 22:30:00,1261.93,30.54,TRADE
SA1,2021/03/20 23:00:00,1238.69,30,TRADE
SA1,2021/03/20 23:30:00,1215.59,30.46,TRADE
SA1,2021/03/21 00:00:00,1378.56,35.84,TRADE
SA1,2021/03/21 00:30:00,1349.97,34.90,TRADE
SA1,2021/03/21 01:00:00,1305.75,37.43,TRADE
SA1,2021/03/21 01:30:00,1225.25,32.29,TRADE
SA1,2021/03/21 02:00:00,1162.32,25.44,TRADE
SA1,2021/03/21 02:30:00,1151.94,30.12,TRADE
SA1,2021/03/21 03:00:00,1171.17,27.79,TRADE
SA1,2021/03/21 03:30:00,1153.11,26.17,TRADE
SA1,2021/03/21 04:00:00,1143.33,22.77,TRADE
SA1,2021/03/21 04:30:00,1142.48,23.81,TRADE
SA1,2021/03/21 05:00:00,1130.85,29.62,TRADE
SA1,2021/03/21 05:30:00,1121.64,30.95,TRADE
SA1,2021/03/21 06:00:00,1126.08,25.88,TRADE
SA1,2021/03/21 06:30:00,1147.51,30.44,TRADE
SA1,2021/03/21 07:00:00,1179.38,30.97,TRADE
SA1,2021/03/21 07:30:00,1187.25,31.31,TRADE
SA1,2021/03/21 08:00:00,1142.55,43.22,TRADE
SA1,2021/03/21 08:30:00,1075.13,38.77,TRADE
SA1,2021/03/21 09:00:00,1001.65,31.80,TRADE
SA1,2021/03/21 09:30:00,916.14,22.64,TRADE
SA1,2021/03/21 10:00:00,829.33,24.53,TRADE
SA1,2021/03/21 10:30:00,778.58,25.54,TRADE
SA1,2021/03/21 11:00:00,744.04,23.38,TRADE
SA1,2021/03/21 11:30:00,710.58,21.35,TRADE
SA1,2021/03/21 12:00:00,717.94,25.77,TRADE
SA1,2021/03/21 12:30:00,762.57,34.70,TRADE
SA1,2021/03/21 13:00:00,841.98,33.05,TRADE
SA1,2021/03/21 13:30:00,867.22,40.17,TRADE
SA1,2021/03/21 14:00:00,943.95,47.94,TRADE
SA1,2021/03/21 14:30:00,962.4,34.94,TRADE
SA1,2021/03/21 15:00:00,1006.96,34.59,TRADE
SA1,2021/03/21 15:30:00,1052.3,38.98,TRADE
SA1,2021/03/21 16:00:00,1184.79,72.02,TRADE
SA1,2021/03/21 16:30:00,1257.01,50.64,TRADE
SA1,2021/03/21 17:00:00,1322.19,56.78,TRADE
SA1,2021/03/21 17:30:00,1423.92,55.02,TRADE
SA1,2021/03/21 18:00:00,1523.57,113.53,TRADE
SA1,2021/03/21 18:30:00,1586.92,105.68,TRADE
SA1,2021/03/21 19:00:00,1568.65,60.14,TRADE
SA1,2021/03/21 19:30:00,1555.77,61.83,TRADE
SA1,2021/03/21 20:00:00,1499.39,49.55,TRADE
SA1,2021/03/21 20:30:00,1442.58,46.67,TRADE
SA1,2021/03/21 21:00:00,1395.81,42.86,TRADE
SA1,2021/03/21 21:30:00,1337,50.41,TRADE
SA1,2021/03/21 22:00:00,1312.33,47.89,TRADE
SA1,2021/03/21 22:30:00,1236.91,61.10,TRADE
SA1,2021/03/21 23:00:00,1218.78,59.14,TRADE
SA1,2021/03/21 23:30:00,1235.5,53.04,TRADE
SA1,2021/03/22 00:00:00,1402.92,80.59,TRADE
SA1,2021/03/22 00:30:00,1397.06,104.02,TRADE
SA1,2021/03/22 01:00:00,1365.85,56.20,TRADE
SA1,2021/03/22 01:30:00,1280.34,55.86,TRADE
SA1,2021/03/22 02:00:00,1239.08,60.76,TRADE
SA1,2021/03/22 02:30:00,1222.11,66.27,TRADE
SA1,2021/03/22 03:00:00,1215.43,75.73,TRADE
SA1,2021/03/22 03:30:00,1195.17,75.45,TRADE
SA1,2021/03/22 04:00:00,1195.81,81.54,TRADE
SA1,2021/03/22 04:30:00,1182.64,59.34,TRADE
SA1,2021/03/22 05:00:00,1213.52,66.57,TRADE
SA1,2021/03/22 05:30:00,1250.72,90.21,TRADE
SA1,2021/03/22 06:00:00,1310.66,78.40,TRADE
SA1,2021/03/22 06:30:00,1395.48,134.63,TRADE
SA1,2021/03/22 07:00:00,1502.16,190.39,TRADE
SA1,2021/03/22 07:30:00,1522.18,110.01,TRADE
SA1,2021/03/22 08:00:00,1453.13,94.80,TRADE
SA1,2021/03/22 08:30:00,1384.25,64.65,TRADE
SA1,2021/03/22 09:00:00,1281.12,79.92,TRADE
SA1,2021/03/22 09:30:00,1207.39,73.84,TRADE
SA1,2021/03/22 10:00:00,1138.63,80.44,TRADE
SA1,2021/03/22 10:30:00,1065.22,60.98,TRADE
SA1,2021/03/22 11:00:00,1008.34,59.35,TRADE
SA1,2021/03/22 11:30:00,967.91,61.63,TRADE
SA1,2021/03/22 12:00:00,979.1,60.99,TRADE
SA1,2021/03/22 12:30:00,1032.22,68.47,TRADE
SA1,2021/03/22 13:00:00,1068.98,62.14,TRADE
SA1,2021/03/22 13:30:00,1120.27,62.88,TRADE
SA1,2021/03/22 14:00:00,1123.5,70.18,TRADE
SA1,2021/03/22 14:30:00,1131.91,61.45,TRADE
SA1,2021/03/22 15:00:00,1181.73,63.61,TRADE
SA1,2021/03/22 15:30:00,1224.21,58.85,TRADE
SA1,2021/03/22 16:00:00,1353.29,62.26,TRADE
SA1,2021/03/22 16:30:00,1392.66,60.27,TRADE
SA1,2021/03/22 17:00:00,1446.8,76.24,TRADE
SA1,2021/03/22 17:30:00,1561.61,67.37,TRADE
SA1,2021/03/22 18:00:00,1670.73,62.09,TRADE
SA1,2021/03/22 18:30:00,1723.26,62,TRADE
SA1,2021/03/22 19:00:00,1704.83,59.66,TRADE
SA1,2021/03/22 19:30:00,1690.58,60.04,TRADE
SA1,2021/03/22 20:00:00,1646.14,55.63,TRADE
SA1,2021/03/22 20:30:00,1575.23,54.40,TRADE
SA1,2021/03/22 21:00:00,1515.15,57.81,TRADE
SA1,2021/03/22 21:30:00,1484.48,57.88,TRADE
SA1,2021/03/22 22:00:00,1432.43,48.59,TRADE
SA1,2021/03/22 22:30:00,1381.37,69.90,TRADE
SA1,2021/03/22 23:00:00,1335.49,55.11,TRADE
SA1,2021/03/22 23:30:00,1327.45,55.75,TRADE
SA1,2021/03/23 00:00:00,1484.06,64.18,TRADE
SA1,2021/03/23 00:30:00,1464.11,62,TRADE
SA1,2021/03/23 01:00:00,1405.21,62,TRADE
SA1,2021/03/23 01:30:00,1314.6,59.83,TRADE
SA1,2021/03/23 02:00:00,1268.59,62,TRADE
SA1,2021/03/23 02:30:00,1246.96,62,TRADE
SA1,2021/03/23 03:00:00,1224.26,62,TRADE
SA1,2021/03/23 03:30:00,1219.21,71.50,TRADE
SA1,2021/03/23 04:00:00,1209.76,84.94,TRADE
SA1,2021/03/23 04:30:00,1218.91,104.52,TRADE
SA1,2021/03/23 05:00:00,1240.95,124.03,TRADE
SA1,2021/03/23 05:30:00,1259.71,132.35,TRADE
SA1,2021/03/23 06:00:00,1338.08,142.17,TRADE
SA1,2021/03/23 06:30:00,1392.91,180.49,TRADE
SA1,2021/03/23 07:00:00,1490.11,281.29,TRADE
SA1,2021/03/23 07:30:00,1506.82,64.18,TRADE
SA1,2021/03/23 08:00:00,1425.9,62.74,TRADE
SA1,2021/03/23 08:30:00,1329.49,66.88,TRADE
SA1,2021/03/23 09:00:00,1235.79,58.52,TRADE
SA1,2021/03/23 09:30:00,1110.68,62.91,TRADE
SA1,2021/03/23 10:00:00,1007.38,59.54,TRADE
SA1,2021/03/23 10:30:00,923.4,66.59,TRADE
SA1,2021/03/23 11:00:00,823.04,56.52,TRADE
SA1,2021/03/23 11:30:00,775.93,47.69,TRADE
SA1,2021/03/23 12:00:00,727.8,38.87,TRADE
SA1,2021/03/23 12:30:00,705.56,47.46,TRADE
SA1,2021/03/23 13:00:00,725.83,34.04,TRADE
SA1,2021/03/23 13:30:00,730.78,32.64,TRADE
SA1,2021/03/23 14:00:00,763.74,-42.94,TRADE
SA1,2021/03/23 14:30:00,805.45,-47.32,TRADE
SA1,2021/03/23 15:00:00,826.63,9.64,TRADE
SA1,2021/03/23 15:30:00,901.26,6.42,TRADE
SA1,2021/03/23 16:00:00,992.42,32.32,TRADE
SA1,2021/03/23 16:30:00,1096.03,33.53,TRADE
SA1,2021/03/23 17:00:00,1184.21,32.73,TRADE
SA1,2021/03/23 17:30:00,1296.85,38.65,TRADE
SA1,2021/03/23 18:00:00,1430.75,48.22,TRADE
SA1,2021/03/23 18:30:00,1498.2,43.46,TRADE
SA1,2021/03/23 19:00:00,1525.81,54.20,TRADE
SA1,2021/03/23 19:30:00,1489.54,42.38,TRADE
SA1,2021/03/23 20:00:00,1466.11,42.19,TRADE
SA1,2021/03/23 20:30:00,1442.67,35.36,TRADE
SA1,2021/03/23 21:00:00,1383.51,35.72,TRADE
SA1,2021/03/23 21:30:00,1344.47,31.26,TRADE
SA1,2021/03/23 22:00:00,1278.24,25.58,TRADE
SA1,2021/03/23 22:30:00,1250.08,33.86,TRADE
SA1,2021/03/23 23:00:00,1220.51,44.70,TRADE
SA1,2021/03/23 23:30:00,1217.36,47.99,TRADE
SA1,2021/03/24 00:00:00,1375.91,50.82,TRADE
SA1,2021/03/24 00:30:00,1355.93,41.26,TRADE
SA1,2021/03/24 01:00:00,1329.29,38.44,TRADE
SA1,2021/03/24 01:30:00,1250.33,35.92,TRADE
SA1,2021/03/24 02:00:00,1196.22,33.37,TRADE
SA1,2021/03/24 02:30:00,1160.78,33.49,TRADE
SA1,2021/03/24 03:00:00,1147.36,35.75,TRADE
SA1,2021/03/24 03:30:00,1112.04,37.19,TRADE
SA1,2021/03/24 04:00:00,1093.27,37.60,TRADE
SA1,2021/03/24 04:30:00,1116.17,39.69,TRADE
SA1,2021/03/24 05:00:00,1138.88,44.70,TRADE
SA1,2021/03/24 05:30:00,1154.53,49.85,TRADE
SA1,2021/03/24 06:00:00,1210.51,57.26,TRADE
SA1,2021/03/24 06:30:00,1314.92,48.89,TRADE
SA1,2021/03/24 07:00:00,1405.69,93.37,TRADE
SA1,2021/03/24 07:30:00,1403.19,41.07,TRADE
SA1,2021/03/24 08:00:00,1417.33,33.41,TRADE
SA1,2021/03/24 08:30:00,1399.95,41.24,TRADE
SA1,2021/03/24 09:00:00,1391.35,45.19,TRADE
SA1,2021/03/24 09:30:00,1343.05,33.91,TRADE
SA1,2021/03/24 10:00:00,1294.7,31.23,TRADE
SA1,2021/03/24 10:30:00,1248.79,31.20,TRADE
SA1,2021/03/24 11:00:00,1156.75,28.39,TRADE
SA1,2021/03/24 11:30:00,1032.61,30.02,TRADE
SA1,2021/03/24 12:00:00,884.41,25.53,TRADE
SA1,2021/03/24 12:30:00,819.31,-79.99,TRADE
SA1,2021/03/24 13:00:00,862.57,-12.43,TRADE
SA1,2021/03/24 13:30:00,782.75,-74.88,TRADE
SA1,2021/03/24 14:00:00,752.14,-52.83,TRADE
SA1,2021/03/24 14:30:00,773.22,-56.84,TRADE
SA1,2021/03/24 15:00:00,810.2,-100.48,TRADE
SA1,2021/03/24 15:30:00,830.45,-81.10,TRADE
SA1,2021/03/24 16:00:00,939.02,26.12,TRADE
SA1,2021/03/24 16:30:00,1005.94,28.78,TRADE
SA1,2021/03/24 17:00:00,1105.75,44.14,TRADE
SA1,2021/03/24 17:30:00,1256.71,40.63,TRADE
SA1,2021/03/24 18:00:00,1374.93,33.49,TRADE
SA1,2021/03/24 18:30:00,1466.3,45.61,TRADE
SA1,2021/03/24 19:00:00,1439.01,54.48,TRADE
SA1,2021/03/24 19:30:00,1448.48,42.27,TRADE
SA1,2021/03/24 20:00:00,1378.82,36.07,TRADE
SA1,2021/03/24 20:30:00,1354.54,35.51,TRADE
SA1,2021/03/24 21:00:00,1303.06,34.09,TRADE
SA1,2021/03/24 21:30:00,1286.06,30.43,TRADE
SA1,2021/03/24 22:00:00,1246.55,30.36,TRADE
SA1,2021/03/24 22:30:00,1207.49,38.93,TRADE
SA1,2021/03/24 23:00:00,1180.73,28.18,TRADE
SA1,2021/03/24 23:30:00,1100.4,26.95,TRADE
SA1,2021/03/25 00:00:00,1239.34,28.39,TRADE
SA1,2021/03/25 00:30:00,1264.54,24.56,TRADE
SA1,2021/03/25 01:00:00,1251.18,25.47,TRADE
SA1,2021/03/25 01:30:00,1166.26,13.35,TRADE
SA1,2021/03/25 02:00:00,1094.77,13.77,TRADE
SA1,2021/03/25 02:30:00,1084.37,17.47,TRADE
SA1,2021/03/25 03:00:00,1076.88,15.67,TRADE
SA1,2021/03/25 03:30:00,1062.66,6.46,TRADE
SA1,2021/03/25 04:00:00,1065.63,19.62,TRADE
SA1,2021/03/25 04:30:00,1047.25,27.66,TRADE
SA1,2021/03/25 05:00:00,1051.86,21.15,TRADE
SA1,2021/03/25 05:30:00,1077.91,31.69,TRADE
SA1,2021/03/25 06:00:00,1148.26,38.70,TRADE
SA1,2021/03/25 06:30:00,1231.81,42.72,TRADE
SA1,2021/03/25 07:00:00,1326.51,56.61,TRADE
SA1,2021/03/25 07:30:00,1358.7,44.13,TRADE
SA1,2021/03/25 08:00:00,1271.41,39.31,TRADE
SA1,2021/03/25 08:30:00,1240.22,46.12,TRADE
SA1,2021/03/25 09:00:00,1136.1,22.27,TRADE
SA1,2021/03/25 09:30:00,988.4,26.98,TRADE
SA1,2021/03/25 10:00:00,978.08,6.25,TRADE
SA1,2021/03/25 10:30:00,901.77,4.66,TRADE
SA1,2021/03/25 11:00:00,844.25,0.60,TRADE
SA1,2021/03/25 11:30:00,902.46,5.83,TRADE
SA1,2021/03/25 12:00:00,844.77,-9.14,TRADE
SA1,2021/03/25 12:30:00,807.73,4.44,TRADE
SA1,2021/03/25 13:00:00,831,7.35,TRADE
SA1,2021/03/25 13:30:00,812.86,-88.28,TRADE
SA1,2021/03/25 14:00:00,779.74,17.73,TRADE
SA1,2021/03/25 14:30:00,675.58,5.77,TRADE
SA1,2021/03/25 15:00:00,665.88,11.31,TRADE
SA1,2021/03/25 15:30:00,739.2,0.79,TRADE
SA1,2021/03/25 16:00:00,821.23,14.97,TRADE
SA1,2021/03/25 16:30:00,899.85,35.39,TRADE
SA1,2021/03/25 17:00:00,1037.26,46.15,TRADE
SA1,2021/03/25 17:30:00,1137.26,39.96,TRADE
SA1,2021/03/25 18:00:00,1300.06,79.17,TRADE
SA1,2021/03/25 18:30:00,1393.8,137.29,TRADE
SA1,2021/03/25 19:00:00,1450.05,233.43,TRADE
SA1,2021/03/25 19:30:00,1483.69,75.67,TRADE
SA1,2021/03/25 20:00:00,1462.19,71.01,TRADE
SA1,2021/03/25 20:30:00,1448.07,72.64,TRADE
SA1,2021/03/25 21:00:00,1407.75,50.80,TRADE
SA1,2021/03/25 21:30:00,1360.17,59.06,TRADE
SA1,2021/03/25 22:00:00,1314.96,46.52,TRADE
SA1,2021/03/25 22:30:00,1274.24,57.98,TRADE
SA1,2021/03/25 23:00:00,1239.74,63.90,TRADE
SA1,2021/03/25 23:30:00,1236.49,75.19,TRADE
SA1,2021/03/26 00:00:00,1405.84,62.43,TRADE
SA1,2021/03/26 00:30:00,1396.64,60.75,TRADE
SA1,2021/03/26 01:00:00,1354.11,61.72,TRADE
SA1,2021/03/26 01:30:00,1275.03,61.17,TRADE
SA1,2021/03/26 02:00:00,1199.38,60.71,TRADE
SA1,2021/03/26 02:30:00,1171.84,59.93,TRADE
SA1,2021/03/26 03:00:00,1156.08,60.82,TRADE
SA1,2021/03/26 03:30:00,1140.12,61.27,TRADE
SA1,2021/03/26 04:00:00,1128.24,61.11,TRADE
SA1,2021/03/26 04:30:00,1128.37,61.44,TRADE
SA1,2021/03/26 05:00:00,1145.74,63.38,TRADE
SA1,2021/03/26 05:30:00,1164.1,58.74,TRADE
SA1,2021/03/26 06:00:00,1227.99,102.35,TRADE
SA1,2021/03/26 06:30:00,1290.06,59.70,TRADE
SA1,2021/03/26 07:00:00,1389.46,54.53,TRADE
SA1,2021/03/26 07:30:00,1420.19,51.05,TRADE
SA1,2021/03/26 08:00:00,1369.11,37.05,TRADE
SA1,2021/03/26 08:30:00,1347.53,35.92,TRADE
SA1,2021/03/26 09:00:00,1333.29,36.97,TRADE
SA1,2021/03/26 09:30:00,1352.5,32.42,TRADE
SA1,2021/03/26 10:00:00,1335.43,25.44,TRADE
SA1,2021/03/26 10:30:00,1293.37,21.84,TRADE
SA1,2021/03/26 11:00:00,1256.7,23.54,TRADE
SA1,2021/03/26 11:30:00,1139.99,20.54,TRADE
SA1,2021/03/26 12:00:00,1065.47,26.16,TRADE
SA1,2021/03/26 12:30:00,1042.18,-33.46,TRADE
SA1,2021/03/26 13:00:00,1026.05,-35.75,TRADE
SA1,2021/03/26 13:30:00,1061.59,-99.55,TRADE
SA1,2021/03/26 14:00:00,984.02,-80.82,TRADE
SA1,2021/03/26 14:30:00,912.59,-79.15,TRADE
SA1,2021/03/26 15:00:00,981.26,-82.92,TRADE
SA1,2021/03/26 15:30:00,1051.56,-67.46,TRADE
SA1,2021/03/26 16:00:00,1126.17,39,TRADE
SA1,2021/03/26 16:30:00,1093.32,38.12,TRADE
SA1,2021/03/26 17:00:00,1210.83,50.11,TRADE
SA1,2021/03/26 17:30:00,1274.22,51.82,TRADE
SA1,2021/03/26 18:00:00,1335.98,50.99,TRADE
SA1,2021/03/26 18:30:00,1353.8,56.03,TRADE
SA1,2021/03/26 19:00:00,1376.74,60.61,TRADE
SA1,2021/03/26 19:30:00,1377.25,63.89,TRADE
SA1,2021/03/26 20:00:00,1342.75,67.21,TRADE
SA1,2021/03/26 20:30:00,1326.08,56.23,TRADE
SA1,2021/03/26 21:00:00,1321.62,59.30,TRADE
SA1,2021/03/26 21:30:00,1289.21,55.48,TRADE
SA1,2021/03/26 22:00:00,1245.47,41.79,TRADE
SA1,2021/03/26 22:30:00,1217.86,52.49,TRADE
SA1,2021/03/26 23:00:00,1176.4,47.24,TRADE
SA1,2021/03/26 23:30:00,1126.95,36.39,TRADE
SA1,2021/03/27 00:00:00,1342.17,41.51,TRADE
SA1,2021/03/27 00:30:00,1346.9,48.99,TRADE
SA1,2021/03/27 01:00:00,1293.11,124.37,TRADE
SA1,2021/03/27 01:30:00,1214.16,65.70,TRADE
SA1,2021/03/27 02:00:00,1144.3,51,TRADE
SA1,2021/03/27 02:30:00,1104.65,44.23,TRADE
SA1,2021/03/27 03:00:00,1090.5,48.35,TRADE
SA1,2021/03/27 03:30:00,1058.61,54.23,TRADE
SA1,2021/03/27 04:00:00,1057.75,58.50,TRADE
SA1,2021/03/27 04:30:00,1052.61,58.66,TRADE
SA1,2021/03/27 05:00:00,1074.19,66.07,TRADE
SA1,2021/03/27 05:30:00,1090.78,61.63,TRADE
SA1,2021/03/27 06:00:00,1115.34,63.63,TRADE
SA1,2021/03/27 06:30:00,1173.29,61.19,TRADE
SA1,2021/03/27 07:00:00,1226.75,54.51,TRADE
SA1,2021/03/27 07:30:00,1247.32,43.70,TRADE
SA1,2021/03/27 08:00:00,1188.74,39.78,TRADE
SA1,2021/03/27 08:30:00,1116.44,40.45,TRADE
SA1,2021/03/27 09:00:00,984.81,33.86,TRADE
SA1,2021/03/27 09:30:00,925.92,35.05,TRADE
SA1,2021/03/27 10:00:00,975.41,26.79,TRADE
SA1,2021/03/27 10:30:00,987.71,18.53,TRADE
SA1,2021/03/27 11:00:00,871.11,10.66,TRADE
SA1,2021/03/27 11:30:00,812.05,3.14,TRADE
SA1,2021/03/27 12:00:00,723.73,-59.63,TRADE
SA1,2021/03/27 12:30:00,654.46,-61.67,TRADE
SA1,2021/03/27 13:00:00,592.56,-51.09,TRADE
SA1,2021/03/27 13:30:00,545.79,-98.10,TRADE
SA1,2021/03/27 14:00:00,548.64,-54.69,TRADE
SA1,2021/03/27 14:30:00,538.89,-38,TRADE
SA1,2021/03/27 15:00:00,581.34,-107.20,TRADE
SA1,2021/03/27 15:30:00,631.56,-153.43,TRADE
SA1,2021/03/27 16:00:00,699.22,-33.31,TRADE
SA1,2021/03/27 16:30:00,788.59,15.83,TRADE
SA1,2021/03/27 17:00:00,928.71,47.56,TRADE
SA1,2021/03/27 17:30:00,1059.13,39.14,TRADE
SA1,2021/03/27 18:00:00,1178,56.27,TRADE
SA1,2021/03/27 18:30:00,1284.18,55.80,TRADE
SA1,2021/03/27 19:00:00,1320.3,60.23,TRADE
SA1,2021/03/27 19:30:00,1330.81,50.13,TRADE
SA1,2021/03/27 20:00:00,1316.79,47.67,TRADE
SA1,2021/03/27 20:30:00,1295.87,56.37,TRADE
SA1,2021/03/27 21:00:00,1272.47,60.33,TRADE
SA1,2021/03/27 21:30:00,1227.04,61.81,TRADE
SA1,2021/03/27 22:00:00,1186.23,54.91,TRADE
SA1,2021/03/27 22:30:00,1190.44,61.86,TRADE
SA1,2021/03/27 23:00:00,1187.15,61.53,TRADE
SA1,2021/03/27 23:30:00,1179.45,62.08,TRADE
SA1,2021/03/28 00:00:00,1349.24,62.66,TRADE
SA1,2021/03/28 00:30:00,1349.39,61.76,TRADE
SA1,2021/03/28 01:00:00,1309.83,61.71,TRADE
SA1,2021/03/28 01:30:00,1229.34,61.32,TRADE
SA1,2021/03/28 02:00:00,1181.56,61,TRADE
SA1,2021/03/28 02:30:00,1141.33,62.97,TRADE
SA1,2021/03/28 03:00:00,1132.14,61,TRADE
SA1,2021/03/28 03:30:00,1098.38,61,TRADE
SA1,2021/03/28 04:00:00,1088.14,61,TRADE
SA1,2021/03/28 04:30:00,1076.43,61,TRADE
SA1,2021/03/28 05:00:00,1090.41,61.17,TRADE
SA1,2021/03/28 05:30:00,1097.3,66.24,TRADE
SA1,2021/03/28 06:00:00,1104.64,61.50,TRADE
SA1,2021/03/28 06:30:00,1135.51,64.02,TRADE
SA1,2021/03/28 07:00:00,1173.15,68.41,TRADE
SA1,2021/03/28 07:30:00,1203.01,61.91,TRADE
SA1,2021/03/28 08:00:00,1139.2,53.10,TRADE
SA1,2021/03/28 08:30:00,1018.38,35.84,TRADE
SA1,2021/03/28 09:00:00,917.54,39.85,TRADE
SA1,2021/03/28 09:30:00,801.94,32.41,TRADE
SA1,2021/03/28 10:00:00,703.11,25.75,TRADE
SA1,2021/03/28 10:30:00,681.75,12.60,TRADE
SA1,2021/03/28 11:00:00,733.71,28.35,TRADE
SA1,2021/03/28 11:30:00,713.07,9.89,TRADE
SA1,2021/03/28 12:00:00,697.83,14.58,TRADE
SA1,2021/03/28 12:30:00,624.17,11.66,TRADE
SA1,2021/03/28 13:00:00,553.81,10.64,TRADE
SA1,2021/03/28 13:30:00,540.68,17.39,TRADE
SA1,2021/03/28 14:00:00,556.63,9.65,TRADE
SA1,2021/03/28 14:30:00,496.24,3.93,TRADE
SA1,2021/03/28 15:00:00,478.44,4.41,TRADE
SA1,2021/03/28 15:30:00,515.51,10.41,TRADE
SA1,2021/03/28 16:00:00,621.18,22.34,TRADE
SA1,2021/03/28 16:30:00,749.29,30.95,TRADE
SA1,2021/03/28 17:00:00,902.26,43.93,TRADE
SA1,2021/03/28 17:30:00,1078.9,56.46,TRADE
SA1,2021/03/28 18:00:00,1244.29,65.42,TRADE
SA1,2021/03/28 18:30:00,1342.64,98.46,TRADE
SA1,2021/03/28 19:00:00,1404.75,70.53,TRADE
SA1,2021/03/28 19:30:00,1425.02,51.35,TRADE
SA1,2021/03/28 20:00:00,1394,48.03,TRADE
SA1,2021/03/28 20:30:00,1373.9,48.09,TRADE
SA1,2021/03/28 21:00:00,1318.09,37.13,TRADE
SA1,2021/03/28 21:30:00,1287.75,34.10,TRADE
SA1,2021/03/28 22:00:00,1252.04,31.36,TRADE
SA1,2021/03/28 22:30:00,1221.24,32.02,TRADE
SA1,2021/03/28 23:00:00,1197.5,30.01,TRADE
SA1,2021/03/28 23:30:00,1203.45,32.01,TRADE
SA1,2021/03/29 00:00:00,1380.89,37.20,TRADE
SA1,2021/03/29 00:30:00,1381.27,40.37,TRADE
SA1,2021/03/29 01:00:00,1340.24,40.02,TRADE
SA1,2021/03/29 01:30:00,1277.4,34.92,TRADE
SA1,2021/03/29 02:00:00,1221.84,32.28,TRADE
SA1,2021/03/29 02:30:00,1184.08,32.43,TRADE
SA1,2021/03/29 03:00:00,1170.3,30.23,TRADE
SA1,2021/03/29 03:30:00,1140.76,30.01,TRADE
SA1,2021/03/29 04:00:00,1130.05,31.45,TRADE
SA1,2021/03/29 04:30:00,1135.72,35.92,TRADE
SA1,2021/03/29 05:00:00,1152.05,34.80,TRADE
SA1,2021/03/29 05:30:00,1181.38,47.52,TRADE
SA1,2021/03/29 06:00:00,1260.72,46.50,TRADE
SA1,2021/03/29 06:30:00,1337.7,62.77,TRADE
SA1,2021/03/29 07:00:00,1454.07,73.09,TRADE
SA1,2021/03/29 07:30:00,1482.95,62.09,TRADE
SA1,2021/03/29 08:00:00,1408.08,39.07,TRADE
SA1,2021/03/29 08:30:00,1274.15,42.56,TRADE
SA1,2021/03/29 09:00:00,1166.23,41.06,TRADE
SA1,2021/03/29 09:30:00,1032.98,33.66,TRADE
SA1,2021/03/29 10:00:00,921.34,31.29,TRADE
SA1,2021/03/29 10:30:00,806.95,7.09,TRADE
SA1,2021/03/29 11:00:00,718.94,11.71,TRADE
SA1,2021/03/29 11:30:00,676.11,33.38,TRADE
SA1,2021/03/29 12:00:00,637.37,30.90,TRADE
SA1,2021/03/29 12:30:00,626.09,19.24,TRADE
SA1,2021/03/29 13:00:00,626.3,5.02,TRADE
SA1,2021/03/29 13:30:00,630.63,5.19,TRADE
SA1,2021/03/29 14:00:00,633.76,13.41,TRADE
SA1,2021/03/29 14:30:00,676.14,7.11,TRADE
SA1,2021/03/29 15:00:00,691.17,7.86,TRADE
SA1,2021/03/29 15:30:00,755.91,11.67,TRADE
SA1,2021/03/29 16:00:00,856.88,34.28,TRADE
SA1,2021/03/29 16:30:00,947.68,45.30,TRADE
SA1,2021/03/29 17:00:00,1075.97,57.32,TRADE
SA1,2021/03/29 17:30:00,1231.32,51.54,TRADE
SA1,2021/03/29 18:00:00,1372.83,59.57,TRADE
SA1,2021/03/29 18:30:00,1462.64,64.91,TRADE
SA1,2021/03/29 19:00:00,1482.82,60.11,TRADE
SA1,2021/03/29 19:30:00,1488.56,45.42,TRADE
SA1,2021/03/29 20:00:00,1461.9,40.92,TRADE
SA1,2021/03/29 20:30:00,1412.86,38.04,TRADE
SA1,2021/03/29 21:00:00,1359.07,35.09,TRADE
SA1,2021/03/29 21:30:00,1323.88,35.13,TRADE
SA1,2021/03/29 22:00:00,1295.4,33.58,TRADE
SA1,2021/03/29 22:30:00,1262.91,52.32,TRADE
SA1,2021/03/29 23:00:00,1224.49,35.79,TRADE
SA1,2021/03/29 23:30:00,1219.54,39.01,TRADE
SA1,2021/03/30 00:00:00,1355.74,45.14,TRADE
SA1,2021/03/30 00:30:00,1355.78,40.22,TRADE
SA1,2021/03/30 01:00:00,1301.11,38.06,TRADE
SA1,2021/03/30 01:30:00,1225.33,33.37,TRADE
SA1,2021/03/30 02:00:00,1170.24,31.89,TRADE
SA1,2021/03/30 02:30:00,1128.49,28.65,TRADE
SA1,2021/03/30 03:00:00,1127.15,28.60,TRADE
SA1,2021/03/30 03:30:00,1114.39,30.47,TRADE
SA1,2021/03/30 04:00:00,1098.85,32.39,TRADE
SA1,2021/03/30 04:30:00,1123.46,32.10,TRADE
SA1,2021/03/30 05:00:00,1159,39.13,TRADE
SA1,2021/03/30 05:30:00,1203.44,41.14,TRADE
SA1,2021/03/30 06:00:00,1291.07,52.69,TRADE
SA1,2021/03/30 06:30:00,1390.69,159.82,TRADE
SA1,2021/03/30 07:00:00,1473.13,183.27,TRADE
SA1,2021/03/30 07:30:00,1493.01,71.50,TRADE
SA1,2021/03/30 08:00:00,1424.52,48.86,TRADE
SA1,2021/03/30 08:30:00,1321.41,32.98,TRADE
SA1,2021/03/30 09:00:00,1185.81,36.34,TRADE
SA1,2021/03/30 09:30:00,1016.35,33.96,TRADE
SA1,2021/03/30 10:00:00,924.19,32.21,TRADE
SA1,2021/03/30 10:30:00,852.67,32.04,TRADE
SA1,2021/03/30 11:00:00,788.98,27.47,TRADE
SA1,2021/03/30 11:30:00,749.71,20.92,TRADE
SA1,2021/03/30 12:00:00,714.13,-1.14,TRADE
SA1,2021/03/30 12:30:00,694.72,1.60,TRADE
SA1,2021/03/30 13:00:00,736.65,10.44,TRADE
SA1,2021/03/30 13:30:00,744.75,7.45,TRADE
SA1,2021/03/30 14:00:00,833.07,8.52,TRADE
SA1,2021/03/30 14:30:00,922.21,15.18,TRADE
SA1,2021/03/30 15:00:00,892.13,8.67,TRADE
SA1,2021/03/30 15:30:00,857.85,23.99,TRADE
SA1,2021/03/30 16:00:00,964.27,31.50,TRADE
SA1,2021/03/30 16:30:00,1078.34,33.58,TRADE
SA1,2021/03/30 17:00:00,1201.28,42.87,TRADE
SA1,2021/03/30 17:30:00,1346.19,50.71,TRADE
SA1,2021/03/30 18:00:00,1463.09,56.53,TRADE
SA1,2021/03/30 18:30:00,1547.64,62.09,TRADE
SA1,2021/03/30 19:00:00,1582.48,49.69,TRADE
SA1,2021/03/30 19:30:00,1582.26,44.46,TRADE
SA1,2021/03/30 20:00:00,1541.7,40.33,TRADE
SA1,2021/03/30 20:30:00,1479.93,37.22,TRADE
SA1,2021/03/30 21:00:00,1414.3,35.55,TRADE
SA1,2021/03/30 21:30:00,1392.27,35.41,TRADE
SA1,2021/03/30 22:00:00,1349.85,31.77,TRADE
SA1,2021/03/30 22:30:00,1293.28,35.52,TRADE
SA1,2021/03/30 23:00:00,1275.74,28.02,TRADE
SA1,2021/03/30 23:30:00,1281.09,29.86,TRADE
SA1,2021/03/31 00:00:00,1430.46,34.99,TRADE
SA1,2021/03/31 00:30:00,1392.74,33.87,TRADE
SA1,2021/03/31 01:00:00,1345.14,32.17,TRADE
SA1,2021/03/31 01:30:00,1265.11,30.35,TRADE
SA1,2021/03/31 02:00:00,1211.54,28.56,TRADE
SA1,2021/03/31 02:30:00,1185.42,27.68,TRADE
SA1,2021/03/31 03:00:00,1139.39,29.15,TRADE
SA1,2021/03/31 03:30:00,1120.2,28.82,TRADE
SA1,2021/03/31 04:00:00,1128.95,28.65,TRADE
SA1,2021/03/31 04:30:00,1146.27,33.09,TRADE
SA1,2021/03/31 05:00:00,1184.39,36.82,TRADE
SA1,2021/03/31 05:30:00,1196.64,38.50,TRADE
SA1,2021/03/31 06:00:00,1280.72,47.96,TRADE
SA1,2021/03/31 06:30:00,1376.14,57.92,TRADE
SA1,2021/03/31 07:00:00,1475.16,61.10,TRADE
SA1,2021/03/31 07:30:00,1494.68,41.66,TRADE
SA1,2021/03/31 08:00:00,1419.68,34.50,TRADE
SA1,2021/03/31 08:30:00,1301,35.56,TRADE
SA1,2021/03/31 09:00:00,1195.47,33.96,TRADE
SA1,2021/03/31 09:30:00,1115.62,29.21,TRADE
SA1,2021/03/31 10:00:00,1017.41,22.95,TRADE
SA1,2021/03/31 10:30:00,931.14,22.64,TRADE
SA1,2021/03/31 11:00:00,836.29,23.71,TRADE
SA1,2021/03/31 11:30:00,804.38,24.32,TRADE
SA1,2021/03/31 12:00:00,786.2,32.05,TRADE
SA1,2021/03/31 12:30:00,766.29,29.88,TRADE
SA1,2021/03/31 13:00:00,775.11,27.93,TRADE
SA1,2021/03/31 13:30:00,788.08,32.97,TRADE
SA1,2021/03/31 14:00:00,824.54,29.22,TRADE
SA1,2021/03/31 14:30:00,835.48,25.52,TRADE
SA1,2021/03/31 15:00:00,898.81,36.21,TRADE
SA1,2021/03/31 15:30:00,990.67,40.54,TRADE
SA1,2021/03/31 16:00:00,1123.99,42.38,TRADE
SA1,2021/03/31 16:30:00,1248.32,41.75,TRADE
SA1,2021/03/31 17:00:00,1367.02,57.59,TRADE
SA1,2021/03/31 17:30:00,1524.57,72.32,TRADE
SA1,2021/03/31 18:00:00,1617.88,91.28,TRADE
SA1,2021/03/31 18:30:00,1661.28,73.39,TRADE
SA1,2021/03/31 19:00:00,1657.76,64.36,TRADE
SA1,2021/03/31 19:30:00,1640.88,61.74,TRADE
SA1,2021/03/31 20:00:00,1567.82,55.04,TRADE
SA1,2021/03/31 20:30:00,1495.44,48.23,TRADE
SA1,2021/03/31 21:00:00,1454.41,42.47,TRADE
SA1,2021/03/31 21:30:00,1414.28,44.85,TRADE
SA1,2021/03/31 22:00:00,1345.8,49.70,TRADE
SA1,2021/03/31 22:30:00,1307.99,54.97,TRADE
SA1,2021/03/31 23:00:00,1251.23,39.21,TRADE
SA1,2021/03/31 23:30:00,1247.02,41.66,TRADE
SA1,2021/04/01 00:00:00,1395.15,44.93,TRADE
